eyres,BLI,Notes
Carduelis_flammea,Acanthis_flammea,
Accipiter_badius,Accipiter_badius,
Accipiter_brevipes,Accipiter_brevipes,
Accipiter_cirrocephalus,Accipiter_cirrocephalus,
Accipiter_cooperii,Accipiter_cooperii,
Accipiter_fasciatus,Accipiter_fasciatus,
Accipiter_gentilis,Accipiter_gentilis,
Accipiter_gularis,Accipiter_gularis,
Accipiter_nisus,Accipiter_nisus,
Accipiter_ovampensis,Accipiter_ovampensis,
Accipiter_soloensis,Accipiter_soloensis,
Accipiter_striatus,Accipiter_striatus,
Acrocephalus_agricola,Acrocephalus_agricola,
Acrocephalus_arundinaceus,Acrocephalus_arundinaceus,
Acrocephalus_australis,Acrocephalus_australis,
Acrocephalus_baeticatus,NA,BLI and HBW don't split this yet from A. scirpaceus
Acrocephalus_bistrigiceps,Acrocephalus_bistrigiceps,
Acrocephalus_concinens,Acrocephalus_concinens,
Acrocephalus_dumetorum,Acrocephalus_dumetorum,
Acrocephalus_griseldis,Acrocephalus_griseldis,
Acrocephalus_melanopogon,Acrocephalus_melanopogon,
Acrocephalus_orientalis,Acrocephalus_orientalis,
Acrocephalus_orinus,Acrocephalus_orinus,
Acrocephalus_paludicola,Acrocephalus_paludicola,
Acrocephalus_palustris,Acrocephalus_palustris,
Acrocephalus_schoenobaenus,Acrocephalus_schoenobaenus,
Acrocephalus_scirpaceus,Acrocephalus_scirpaceus,
Acrocephalus_sorghophilus,Acrocephalus_sorghophilus,
Acrocephalus_stentoreus,Acrocephalus_stentoreus,
Acrocephalus_tangorum,Acrocephalus_tangorum,
Actitis_hypoleucos,Actitis_hypoleucos,
Actitis_macularius,Actitis_macularius,
Actophilornis_africanus,Actophilornis_africanus,
Aechmophorus_clarkii,Aechmophorus_clarkii,
Aechmophorus_occidentalis,Aechmophorus_occidentalis,
Aegithalos_caudatus,Aegithalos_caudatus,
Aegolius_acadicus,Aegolius_acadicus,
Aegolius_funereus,Aegolius_funereus,
Aegypius_monachus,Aegypius_monachus,
Aerodramus_brevirostris,Aerodramus_brevirostris,
Aeronautes_saxatalis,Aeronautes_saxatalis,
Aethia_cristatella,Aethia_cristatella,
Aethia_psittacula,Aethia_psittacula,
Aethia_pusilla,Aethia_pusilla,
Aethia_pygmaea,Aethia_pygmaea,
Aethopyga_gouldiae,Aethopyga_gouldiae,
Aethopyga_saturata,Aethopyga_saturata,
Agapornis_pullarius,Agapornis_pullarius,
Agelaius_phoeniceus,Agelaius_phoeniceus,
Agelaius_tricolor,Agelaius_tricolor,
Agelasticus_thilius,Agelasticus_thilius,
Bradornis_pallidus,Agricola_pallidus,
Agriornis_micropterus,Agriornis_micropterus,
Agriornis_montanus,Agriornis_montanus,
Agriornis_murinus,Agriornis_murinus,
Agropsar_philippensis,Agropsar_philippensis,
Agropsar_sturninus,Agropsar_sturninus,
Aix_galericulata,Aix_galericulata,
Aix_sponsa,Aix_sponsa,
Alauda_arvensis,Alauda_arvensis,
Alauda_gulgula,Alauda_gulgula,
Melanocorypha_leucoptera,Alauda_leucoptera,
Alca_torda,Alca_torda,
Alcedo_atthis,Alcedo_atthis,
Alle_alle,Alle_alle,
Gallicolumba_jobiensis,Alopecoenas_jobiensis,
Alopochelidon_fucata,Alopochelidon_fucata,
Amadina_erythrocephala,Amadina_erythrocephala,
Aenigmatolimnas_marginalis,Amaurornis_marginalis,
Amaurornis_phoenicurus,Amaurornis_phoenicurus,
Amazilia_amabilis,Amazilia_amabilis,
Amazilia_candida,Amazilia_candida,
Amazilia_cyanocephala,Amazilia_cyanocephala,
Amazilia_rutila,Amazilia_rutila,
Amazilia_violiceps,Amazilia_violiceps,
Amazilia_yucatanensis,Amazilia_yucatanensis,
Amazona_pretrei,Amazona_pretrei,
Amazona_viridigenalis,Amazona_viridigenalis,
Amazonetta_brasiliensis,Amazonetta_brasiliensis,
Ammodramus_savannarum,Ammodramus_savannarum,
Ammodramus_caudacutus,Ammospiza_caudacuta,
Ammodramus_leconteii,Ammospiza_leconteii,
Ammodramus_maritimus,Ammospiza_maritima,
Ammodramus_nelsoni,Ammospiza_nelsoni,
Amphispiza_bilineata,Amphispiza_bilineata,
Anairetes_flavirostris,Anairetes_flavirostris,
Anairetes_parulus,Anairetes_parulus,
Anarhynchus_frontalis,Anarhynchus_frontalis,
Anas_acuta,Anas_acuta,
Anas_capensis,Anas_capensis,
Anas_carolinensis,NA,BLI and HBW don't split this yet from A. crecca. What the fuck is up with them
Anas_crecca,Anas_crecca,
Anas_flavirostris,Anas_flavirostris,
Anas_fulvigula,Anas_fulvigula,
Anas_georgica,Anas_georgica,
Anas_gracilis,Anas_gracilis,
Anas_platyrhynchos,Anas_platyrhynchos,
Anas_rubripes,Anas_rubripes,
Anas_superciliosa,Anas_superciliosa,
Anas_zonorhyncha,Anas_zonorhyncha,
Anastomus_lamelligerus,Anastomus_lamelligerus,
Anastomus_oscitans,Anastomus_oscitans,
Anhinga_anhinga,Anhinga_anhinga,
Anous_minutus,Anous_minutus,
Anous_stolidus,Anous_stolidus,
Anous_tenuirostris,Anous_tenuirostris,
Anser_albifrons,Anser_albifrons,
Anser_anser,Anser_anser,
Anser_brachyrhynchus,Anser_brachyrhynchus,
Chen_caerulescens,Anser_caerulescens,
Chen_canagica,Anser_canagicus,
Anser_cygnoides,Anser_cygnoid,
Anser_erythropus,Anser_erythropus,
Anser_fabalis,Anser_fabalis,
Anser_indicus,Anser_indicus,
Chen_rossii,Anser_rossii,
Anser_serrirostris,NA,BLI and HBW don't split this from A. fabalis
Anseranas_semipalmata,Anseranas_semipalmata,
Anthochaera_carunculata,Anthochaera_carunculata,
Anthochaera_phrygia,Anthochaera_phrygia,
Anthracothorax_nigricollis,Anthracothorax_nigricollis,
Anthracothorax_prevostii,Anthracothorax_prevostii,
Anthreptes_longuemarei,Anthreptes_longuemarei,
Grus_virgo,Anthropoides_virgo,
Anthus_brachyurus,Anthus_brachyurus,
Anthus_campestris,Anthus_campestris,
Anthus_cervinus,Anthus_cervinus,
Anthus_chacoensis,Anthus_chacoensis,
Anthus_cinnamomeus,Anthus_cinnamomeus,
Anthus_correndera,Anthus_correndera,
Anthus_godlewskii,Anthus_godlewskii,
Anthus_gustavi,Anthus_gustavi,
Anthus_hellmayri,Anthus_hellmayri,
Anthus_hodgsoni,Anthus_hodgsoni,
Anthus_hoeschi,Anthus_hoeschi,
Anthus_latistriatus,NA,HBW and BLI lump this within A. cinnamomeus
Anthus_lineiventris,Anthus_lineiventris,
Anthus_longicaudatus,NA,HBW and BLI don’t recognize this taxon. Jackson's Pipit. Was this the shit the old guy made up?
Anthus_petrosus,Anthus_petrosus,
Anthus_pratensis,Anthus_pratensis,
Anthus_richardi,Anthus_richardi,
Anthus_roseatus,Anthus_roseatus,
Anthus_rubescens,Anthus_rubescens,
Anthus_similis,Anthus_similis,
Anthus_spinoletta,Anthus_spinoletta,
Anthus_spragueii,Anthus_spragueii,
Anthus_trivialis,Anthus_trivialis,
Grus_antigone,Antigone_antigone,
Grus_canadensis,Antigone_canadensis,
Grus_vipio,Antigone_vipio,
Antrostomus_arizonae,Antrostomus_arizonae,
Antrostomus_badius,Antrostomus_badius,
Antrostomus_carolinensis,Antrostomus_carolinensis,
Antrostomus_ridgwayi,Antrostomus_ridgwayi,
Antrostomus_rufus,Antrostomus_rufus,
Antrostomus_vociferus,Antrostomus_vociferus,
Apaloderma_narina,Apaloderma_narina,
Aphrodroma_brevirostris,Aphrodroma_brevirostris,
Aplonis_metallica,Aplonis_metallica,
Aptenodytes_forsteri,Aptenodytes_forsteri,
Aptenodytes_patagonicus,Aptenodytes_patagonicus,
Apus_acuticauda,Apus_acuticauda,
Apus_affinis,Apus_affinis,
Apus_apus,Apus_apus,
Apus_barbatus,Apus_barbatus,
Apus_berliozi,Apus_berliozi,
Apus_caffer,Apus_caffer,
Apus_cooki,NA,HBW and BLI lump this within A. pacificus
Apus_leuconyx,NA,HBW and BLI lump this within A. pacificus
Apus_niansae,Apus_niansae,
Apus_pacificus,Apus_pacificus,
Apus_pallidus,Apus_pallidus,
Apus_unicolor,Apus_unicolor,
Aquila_chrysaetos,Aquila_chrysaetos,
Aquila_heliaca,Aquila_heliaca,
Aquila_nipalensis,Aquila_nipalensis,
Aramus_guarauna,Aramus_guarauna,
Archilochus_alexandri,Archilochus_alexandri,
Archilochus_colubris,Archilochus_colubris,
Ardea_alba,Ardea_alba,
Ardea_cinerea,Ardea_cinerea,
Ardea_goliath,Ardea_goliath,
Ardea_herodias,Ardea_herodias,
Egretta_intermedia,Ardea_intermedia,
Ardea_melanocephala,Ardea_melanocephala,
Ardea_pacifica,Ardea_pacifica,
Ardea_purpurea,Ardea_purpurea,
Puffinus_bulleri,Ardenna_bulleri,
Puffinus_carneipes,Ardenna_carneipes,
Puffinus_creatopus,Ardenna_creatopus,
Puffinus_gravis,Ardenna_gravis,
Puffinus_griseus,Ardenna_grisea,
Puffinus_pacificus,Ardenna_pacifica,
Puffinus_tenuirostris,Ardenna_tenuirostris,
Ardeola_bacchus,Ardeola_bacchus,
Ardeola_idae,Ardeola_idae,
Ardeola_ralloides,Ardeola_ralloides,
Ardeotis_arabs,Ardeotis_arabs,
Ardeotis_australis,Ardeotis_australis,
Ardeotis_nigriceps,Ardeotis_nigriceps,
Arenaria_interpres,Arenaria_interpres,
Arenaria_melanocephala,Arenaria_melanocephala,
Artamus_cyanopterus,Artamus_cyanopterus,
Artamus_leucorynchus,Artamus_leucoryn,
Artamus_minor,Artamus_minor,
Artamus_personatus,Artamus_personatus,
Artamus_superciliosus,Artamus_superciliosus,
Artemisiospiza_belli,Artemisiospiza_belli,
Iduna_aedon,Arundinax_aedon,
Tiaris_fuliginosus,Asemospiza_fuliginosa,
Tiaris_obscurus,Asemospiza_obscura,
Ashbyia_lovensis,Ashbyia_lovensis,
Asio_capensis,Asio_capensis,
Asio_flammeus,Asio_flammeus,
Asio_otus,Asio_otus,
Asthenes_pyrrholeuca,Asthenes_pyrrholeuca,
Athene_cunicularia,Athene_cunicularia,
Attagis_malouinus,Attagis_malouinus,
Attila_phoenicurus,Attila_phoenicurus,
Aviceda_leuphotes,Aviceda_leuphotes,
Aythya_affinis,Aythya_affinis,
Aythya_americana,Aythya_americana,
Aythya_australis,Aythya_australis,
Aythya_baeri,Aythya_baeri,
Aythya_collaris,Aythya_collaris,
Aythya_ferina,Aythya_ferina,
Aythya_fuligula,Aythya_fuligula,
Aythya_marila,Aythya_marila,
Aythya_nyroca,Aythya_nyroca,
Aythya_valisineria,Aythya_valisineria,
Bartramia_longicauda,Bartramia_longicauda,
Basileuterus_lachrymosus,Basileuterus_lachrymosus,
Bolborhynchus_lineola,Bolborhynchus_lineola,
Bombycilla_cedrorum,Bombycilla_cedrorum,
Bombycilla_garrulus,Bombycilla_garrulus,
Bombycilla_japonica,Bombycilla_japonica,
Botaurus_lentiginosus,Botaurus_lentiginosus,
Botaurus_pinnatus,Botaurus_pinnatus,
Botaurus_stellaris,Botaurus_stellaris,
Brachyramphus_brevirostris,Brachyramphus_brevirostris,
Brachyramphus_marmoratus,Brachyramphus_marmoratus,
Brachyramphus_perdix,Brachyramphus_perdix,
Bradypterus_barratti,Bradypterus_barratti,
Branta_bernicla,Branta_bernicla,
Branta_canadensis,Branta_canadensis,
Branta_hutchinsii,Branta_hutchinsii,
Branta_leucopsis,Branta_leucopsis,
Branta_ruficollis,Branta_ruficollis,
Bubo_scandiacus,Bubo_scandiacus,
Bubulcus_ibis,Bubulcus_ibis,
Bucanetes_githagineus,Bucanetes_githagineus,
Eremopsaltria_mongolica,Bucanetes_mongolicus,
Bucephala_albeola,Bucephala_albeola,
Bucephala_clangula,Bucephala_clangula,
Bucephala_islandica,Bucephala_islandica,
Grus_carunculata,Bugeranus_carunculatus,HBW and BLI both use B. carunculatus
Bulweria_bulwerii,Bulweria_bulwerii,
Bulweria_fallax,Bulweria_fallax,
Burhinus_oedicnemus,Burhinus_oedicnemus,
Butastur_indicus,Butastur_indicus,
Butastur_rufipennis,Butastur_rufipennis,
Buteo_albigula,Buteo_albigula,
Buteo_albonotatus,Buteo_albonotatus,
Buteo_auguralis,Buteo_auguralis,
Buteo_brachyurus,Buteo_brachyurus,
Buteo_buteo,Buteo_buteo,
Buteo_hemilasius,Buteo_hemilasius,
Buteo_jamaicensis,Buteo_jamaicensis,
Buteo_japonicus,Buteo_japonicus,
Buteo_lagopus,Buteo_lagopus,
Buteo_lineatus,Buteo_lineatus,
Buteo_nitidus,Buteo_nitidus,
Buteo_platypterus,Buteo_platypterus,
Buteo_regalis,Buteo_regalis,
Buteo_rufinus,Buteo_rufinus,
Buteo_swainsoni,Buteo_swainsoni,
Buteo_trizonatus,Buteo_trizonatus,
Buteogallus_anthracinus,Buteogallus_anthracinus,
Buteogallus_meridionalis,Buteogallus_meridionalis,
Butorides_striata,Butorides_striata,BLI doesn't split B.s.
Butorides_virescens,NA,BLI doesn't split B.s.
Lophochroa_leadbeateri,Cacatua_leadbeateri,
Cacatua_pastinator,Cacatua_pastinator,
Cacomantis_castaneiventris,Cacomantis_castaneiventris,
Cacomantis_flabelliformis,Cacomantis_flabelliformis,
Cacomantis_merulinus,Cacomantis_merulinus,
Cacomantis_passerinus,Cacomantis_passerinus,
Cacomantis_sonneratii,Cacomantis_sonneratii,
Cacomantis_variolosus,Cacomantis_variolosus,
Calamospiza_melanocorys,Calamospiza_melanocorys,
Calandrella_acutirostris,Calandrella_acutirostris,
Calandrella_brachydactyla,Calandrella_brachydactyla,
Calandrella_cheleensis,NA,This is a ssp. Of Alaudala rufescens according to HBW and BLI
Calandrella_cinerea,Calandrella_cinerea,
Calandrella_rufescens,Alaudala_rufescens,HBW and BLI put this in the genus Alauda
Calcarius_lapponicus,Calcarius_lapponicus,
Calcarius_ornatus,Calcarius_ornatus,
Calcarius_pictus,Calcarius_pictus,
Calidris_acuminata,Calidris_acuminata,
Calidris_alba,Calidris_alba,
Calidris_alpina,Calidris_alpina,
Calidris_bairdii,Calidris_bairdii,
Calidris_canutus,Calidris_canutus,
Limicola_falcinellus,Calidris_falcinellus,
Calidris_ferruginea,Calidris_ferruginea,
Calidris_fuscicollis,Calidris_fuscicollis,
Calidris_himantopus,Calidris_himantopus,
Calidris_maritima,Calidris_maritima,
Calidris_mauri,Calidris_mauri,
Calidris_melanotos,Calidris_melanotos,
Calidris_minuta,Calidris_minuta,
Calidris_minutilla,Calidris_minutilla,
Calidris_ptilocnemis,Calidris_ptilocnemis,
Philomachus_pugnax,Calidris_pugnax,
Calidris_pusilla,Calidris_pusilla,
Eurynorhynchus_pygmeus,Calidris_pygmaea,
Calidris_ruficollis,Calidris_ruficollis,
Calidris_subminuta,Calidris_subminuta,
Tryngites_subruficollis,Calidris_subruficollis,
Calidris_temminckii,Calidris_temminckii,
Calidris_tenuirostris,Calidris_tenuirostris,
Aphriza_virgata,Calidris_virgata,
Lichenostomus_chrysops,Caligavis_chrysops,
Luscinia_calliope,Calliope_calliope,
Luscinia_obscura,Calliope_obscura,
Luscinia_pectardens,Calliope_pectardens,
Callonetta_leucophrys,Callonetta_leucophrys,
Caloenas_nicobarica,Caloenas_nicobarica,
Calonectris_diomedea,Calonectris_diomedea,
Calonectris_edwardsii,Calonectris_edwardsii,
Calonectris_leucomelas,Calonectris_leucomelas,
Calothorax_lucifer,Calothorax_lucifer,
Calypte_anna,Calypte_anna,
Calypte_costae,Calypte_costae,
Calyptorhynchus_banksii,Calyptorhynchus_banksii,
Campephaga_flava,Campephaga_flava,
Campephaga_phoenicea,Campephaga_phoenicea,
Camptostoma_imberbe,Camptostoma_imberbe,
Caprimulgus_aegyptius,Caprimulgus_aegyptius,
Caprimulgus_affinis,Caprimulgus_affinis,
Caprimulgus_climacurus,Caprimulgus_climacurus,
Caprimulgus_europaeus,Caprimulgus_europaeus,
Caprimulgus_fossii,Caprimulgus_fossii,
Caprimulgus_indicus,Caprimulgus_indicus,
Caprimulgus_inornatus,Caprimulgus_inornatus,
Caprimulgus_jotaka,Caprimulgus_jotaka,
Macrodipteryx_longipennis,Caprimulgus_longipennis,
Caprimulgus_longirostris,Systellura_longirostris,"genus changed, both HBW and BLI use this"
Caprimulgus_macrurus,Caprimulgus_macrurus,
Caprimulgus_mahrattensis,Caprimulgus_mahrattensis,
Caprimulgus_nubicus,Caprimulgus_nubicus,
Caprimulgus_parvulus,Setopagis_parvula,"genus changed, both HBW and BLI use this"
Caprimulgus_pectoralis,Caprimulgus_pectoralis,
Caprimulgus_ruficollis,Caprimulgus_ruficollis,
Caprimulgus_rufigena,Caprimulgus_rufigena,
Macrodipteryx_vexillarius,Caprimulgus_vexillarius,
Cardellina_canadensis,Cardellina_canadensis,
Cardellina_pusilla,Cardellina_pusilla,
Cardellina_rubrifrons,Cardellina_rubrifrons,
Carduelis_carduelis,Carduelis_carduelis,
Carduelis_citrinella,Carduelis_citrinella,
Carduelis_hornemanni,Acanthis_flammea,"Hoary/Arctic Redpoll is RIP. Lumped into Common Redpoll by that mt/nuclear DNA paper, ABA continues to use it, HBW and BLI use A. flammea"
Carpodacus_erythrinus,Carpodacus_erythrinus,
Carpodacus_grandis,Carpodacus_rhodochlamys,C. r. grandis is just a subspecies of C. r. BLI and HBW use C.r. and don’t split C.r.
Carpodacus_roseus,Carpodacus_roseus,
Carpodacus_rubicilloides,Carpodacus_rubicilloides,
Uragus_sibiricus,Carpodacus_sibiricus,
Haematospiza_sipahi,Carpodacus_sipahi,
Pinicola_subhimachala,Carpodacus_subhimachalus,
Carpodacus_trifasciatus,Carpodacus_trifasciatus,
Carpodacus_eos,Carpodacus_waltoni,HBW and BLI don't split C.w. eos yet
Carpospiza_brachydactyla,Carpospiza_brachydactyla,
Casiornis_rufus,Casiornis_rufus,
Stercorarius_chilensis,Catharacta_chilensis,
Stercorarius_antarcticus,Catharacta_antarctica,"genus changed, both HBW and BLI use this"
Stercorarius_maccormicki,Catharacta_maccormicki,
Stercorarius_skua,Catharacta_skua,
Cathartes_aura,Cathartes_aura,
Catharus_aurantiirostris,Catharus_aurantiirostris,
Catharus_bicknelli,Catharus_bicknelli,
Catharus_fuscescens,Catharus_fuscescens,
Catharus_guttatus,Catharus_guttatus,
Catharus_minimus,Catharus_minimus,
Catharus_ustulatus,Catharus_ustulatus,
Cecropis_abyssinica,Cecropis_abyssinica,
Cecropis_cucullata,Cecropis_cucullata,
Cecropis_daurica,Cecropis_daurica,
Cecropis_semirufa,Cecropis_semirufa,
Cecropis_senegalensis,Cecropis_senegalensis,
Centropus_grillii,Centropus_grillii,
Cephalopyrus_flammiceps,Cephalopyrus_flammiceps,
Cepphus_carbo,Cepphus_carbo,
Cepphus_columba,Cepphus_columba,
Cepphus_grylle,Cepphus_grylle,
Erythropygia_galactotes,Cercotrichas_galactotes,
Cercotrichas_podobe,Cercotrichas_podobe,
Cereopsis_novaehollandiae,Cereopsis_novaehollandiae,
Cerorhinca_monocerata,Cerorhinca_monocerata,
Certhia_americana,Certhia_americana,
Certhia_himalayana,Certhia_himalayana,
Certhionyx_variegatus,Certhionyx_variegatus,
Cettia_castaneocoronata,Cettia_castaneocoronata,
Cettia_cetti,Cettia_cetti,
Ceyx_erithaca,Ceyx_erithaca,
Chaetornis_striata,Chaetornis_striata,
Chaetura_viridipennis,Chaetura_chapmani,
Chaetura_meridionalis,Chaetura_meridionalis,
Chaetura_pelagica,Chaetura_pelagica,
Chaetura_vauxi,Chaetura_vauxi,
Chrysococcyx_basalis,Chalcites_basalis,
Chrysococcyx_lucidus,Chalcites_lucidus,
Chrysococcyx_minutillus,Chalcites_minutillus,
Chrysococcyx_osculans,Chalcites_osculans,
Chalcomitra_senegalensis,Chalcomitra_senegalensis,
Charadrius_alexandrinus,Charadrius_alexandrinus,
Charadrius_alticola,Charadrius_alticola,
Charadrius_asiaticus,Charadrius_asiaticus,
Charadrius_bicinctus,Charadrius_bicinctus,
Charadrius_dubius,Charadrius_dubius,
Charadrius_falklandicus,Charadrius_falklandicus,
Charadrius_hiaticula,Charadrius_hiaticula,
Charadrius_leschenaultii,Charadrius_leschenaultii,
Charadrius_marginatus,Charadrius_marginatus,
Charadrius_melodus,Charadrius_melodus,
Charadrius_modestus,Charadrius_modestus,
Charadrius_mongolus,Charadrius_mongolus,
Charadrius_montanus,Charadrius_montanus,
Charadrius_nivosus,Charadrius_nivosus,
Charadrius_obscurus,Charadrius_obscurus,
Charadrius_pallidus,Charadrius_pallidus,
Charadrius_placidus,Charadrius_placidus,
Charadrius_semipalmatus,Charadrius_semipalmatus,
Charadrius_veredus,Charadrius_veredus,
Charadrius_vociferus,Charadrius_vociferus,
Charadrius_wilsonia,Charadrius_wilsonia,
Charmosyna_meeki,Charmosyna_meeki,
Charmosyna_palmarum,Charmosyna_palmarum,
Chelictinia_riocourii,Chelictinia_riocourii,
Chelidorhynx_hypoxantha,Chelidorhynx_hypoxanthus,careful in the spelling Eyres
Chionis_albus,Chionis_albus,
Chlamydotis_macqueenii,Chlamydotis_macqueenii,
Chlidonias_albostriatus,Chlidonias_albostriatus,
Chlidonias_hybrida,Chlidonias_hybrida,
Chlidonias_leucopterus,Chlidonias_leucopterus,
Chlidonias_niger,Chlidonias_niger,
Chloephaga_hybrida,Chloephaga_hybrida,
Chloephaga_picta,Chloephaga_picta,
Chloephaga_poliocephala,Chloephaga_poliocephala,
Chloephaga_rubidiceps,Chloephaga_rubidiceps,
Chloris_ambigua,Chloris_ambigua,
Chloris_chloris,Chloris_chloris,
Chloris_sinica,Chloris_sinica,
Chloris_spinoides,Chloris_spinoides,
Chondestes_grammacus,Chondestes_grammacus,
Chordeiles_acutipennis,Chordeiles_acutipennis,
Chordeiles_gundlachii,Chordeiles_gundlachii,
Chordeiles_minor,Chordeiles_minor,
Chordeiles_nacunda,Chordeiles_nacunda,
Chordeiles_pusillus,Chordeiles_pusillus,
Chrysococcyx_caprius,Chrysococcyx_caprius,
Chrysococcyx_cupreus,Chrysococcyx_cupreus,
Chrysococcyx_klaas,Chrysococcyx_klaas,
Chrysococcyx_maculatus,Chrysococcyx_maculatus,
Chrysococcyx_xanthorhynchus,Chrysococcyx_xanthorhynchus,
Chrysolampis_mosquitus,Chrysolampis_mosquitus,
Ciconia_abdimii,Ciconia_abdimii,
Ciconia_boyciana,Ciconia_boyciana,
Ciconia_ciconia,Ciconia_ciconia,
Ciconia_episcopus,Ciconia_episcopus,
Ciconia_nigra,Ciconia_nigra,
Cinclidium_frontale,Cinclidium_frontale,
Cinclodes_comechingonus,Cinclodes_comechingonus,
Cinclodes_fuscus,Cinclodes_fuscus,
Cinclodes_oustaleti,Cinclodes_oustaleti,
Cinclodes_patagonicus,Cinclodes_patagonicus,
Megalurus_cruralis,Cincloramphus_cruralis,
Megalurus_mathewsi,Cincloramphus_mathewsi,
Cinclus_cinclus,Cinclus_cinclus,
Cinnyricinclus_leucogaster,Cinnyricinclus_leucogaster,
Cinnyris_bifasciatus,Cinnyris_bifasciatus,
Cinnyris_chloropygius,Cinnyris_chloropygius,
Cinnyris_coccinigastrus,Cinnyris_coccinigastrus,
Cinnyris_cupreus,Cinnyris_cupreus,
Cinnyris_fuscus,Cinnyris_fuscus,
Cinnyris_mariquensis,Cinnyris_mariquensis,
Cinnyris_pulchellus,Cinnyris_pulchellus,
Cinnyris_talatala,Cinnyris_talatala,
Cinnyris_venustus,Cinnyris_venustus,
Circaetus_beaudouini,Circaetus_beaudouini,
Circaetus_gallicus,Circaetus_gallicus,
Circaetus_pectoralis,Circaetus_pectoralis,
Circus_aeruginosus,Circus_aeruginosus,
Circus_approximans,Circus_approximans,
Circus_assimilis,Circus_assimilis,
Circus_buffoni,Circus_buffoni,
Circus_cinereus,Circus_cinereus,
Circus_cyaneus,Circus_cyaneus,
Circus_hudsonius,Circus_hudsonius,
Circus_macrourus,Circus_macrourus,
Circus_maurus,Circus_maurus,
Circus_melanoleucos,Circus_melanoleucos,
Circus_pygargus,Circus_pygargus,
Circus_spilonotus,Circus_spilonotus,
Cissomela_pectoralis,Cissomela_pectoralis,
Cisticola_juncidis,Cisticola_juncidis,
Cistothorus_palustris,Cistothorus_palustris,
Cistothorus_platensis,Cistothorus_platensis,
Cladorhynchus_leucocephalus,Cladorhynchus_leucocephalus,
Clamator_coromandus,Clamator_coromandus,
Clamator_glandarius,Clamator_glandarius,
Clamator_jacobinus,Clamator_jacobinus,
Clamator_levaillantii,Clamator_levaillantii,
Aquila_clanga,Clanga_clanga,
Aquila_pomarina,Clanga_pomarina,
Clangula_hyemalis,Clangula_hyemalis,
Claravis_mondetoura,Claravis_mondetoura,
Coccothraustes_coccothraustes,Coccothraustes_coccothraustes,
Coccycua_cinerea,Coccycua_cinerea,
Coccyzus_americanus,Coccyzus_americanus,
Coccyzus_erythropthalmus,Coccyzus_erythropthalmus,
Coccyzus_euleri,Coccyzus_euleri,
Coccyzus_lansbergi,Coccyzus_lansbergi,
Coccyzus_melacoryphus,Coccyzus_melacoryphus,
Cochoa_purpurea,Cochoa_purpurea,
Cochoa_viridis,Cochoa_viridis,
Colaptes_auratus,Colaptes_auratus,
Colaptes_melanochloros,Colaptes_melanochloros,
Colorhamphus_parvirostris,Colorhamphus_parvirostris,
Columba_eversmanni,Columba_eversmanni,
Columba_leucomela,Columba_leucomela,
Columba_oenas,Columba_oenas,
Columba_palumbus,Columba_palumbus,
Columbina_picui,Columbina_picui,
Conirostrum_tamarugense,Conirostrum_tamarugense,
Conopophila_rufogularis,Conopophila_rufogularis,
Conothraupis_speculigera,Conothraupis_speculigera,
Contopus_cinereus,Contopus_cinereus,
Contopus_cooperi,Contopus_cooperi,
Contopus_pertinax,Contopus_pertinax,
Contopus_sordidulus,Contopus_sordidulus,
Contopus_virens,Contopus_virens,
Coracias_abyssinicus,Coracias_abyssinicus,
Coracias_caudatus,Coracias_caudatus,
Coracias_cyanogaster,Coracias_cyanogaster,
Coracias_garrulus,Coracias_garrulus,
Coracias_naevius,Coracias_naevius,
Coracina_maxima,Coracina_maxima,
Coracina_novaehollandiae,Coracina_novaehollandiae,
Coracina_tenuirostris,Edolisoma_tenuirostre,"genus changed, both HBW and BLI use this"
Corvus_bennetti,Corvus_bennetti,
Corvus_brachyrhynchos,Corvus_brachyrhynchos,
Corvus_corax,Corvus_corax,
Corvus_cornix,NA,genome paper showed it’s a cline. HBW and BLI lump this into C. corone
Corvus_corone,Corvus_corone,
Corvus_cryptoleucus,Corvus_cryptoleucus,
Coloeus_dauuricus,Corvus_dauuricus,
Corvus_frugilegus,Corvus_frugilegus,
Corvus_mellori,Corvus_mellori,
Coloeus_monedula,Corvus_monedula,
Corvus_ossifragus,Corvus_ossifragus,
Corvus_torquatus,Corvus_pectoralis,
Corvus_ruficollis,Corvus_ruficollis,
Phrygilus_alaudinus,Corydospiza_alaudina,
Phrygilus_carbonarius,Corydospiza_carbonaria,
Coryphospingus_cucullatus,Coryphospingus_cucullatus,
Corythornis_cristatus,Corythornis_cristatus,
Coscoroba_coscoroba,Coscoroba_coscoroba,
Cossypha_natalensis,Cossypha_natalensis,
Coturnicops_exquisitus,Coturnicops_exquisitus,
Coturnicops_noveboracensis,Coturnicops_noveboracensis,
Coturnix_coromandelica,Coturnix_coromandelica,
Coturnix_coturnix,Coturnix_coturnix,
Coturnix_delegorguei,Coturnix_delegorguei,
Coturnix_japonica,Coturnix_japonica,
Coturnix_pectoralis,Coturnix_pectoralis,
Creagrus_furcatus,Creagrus_furcatus,
Creatophora_cinerea,Creatophora_cinerea,
Crex_crex,Crex_crex,
Crex_egregia,Crex_egregia,
Crithagra_canicapilla,Crithagra_canicapilla,
Crithagra_gularis,Crithagra_gularis,
Crotophaga_sulcirostris,Crotophaga_sulcirostris,
Cuculus_canorus,Cuculus_canorus,
Cuculus_clamosus,Cuculus_clamosus,
Cuculus_gularis,Cuculus_gularis,
Cuculus_micropterus,Cuculus_micropterus,
Cuculus_poliocephalus,Cuculus_poliocephalus,
Cuculus_rochii,Cuculus_rochii,
Cuculus_optatus,NA,not split yet
Cuculus_saturatus,Cuculus_saturatus,
Cuculus_solitarius,Cuculus_solitarius,
Culicicapa_ceylonensis,Culicicapa_ceylonensis,
Cursorius_coromandelicus,Cursorius_coromandelicus,
Cursorius_cursor,Cursorius_cursor,
Cursorius_temminckii,Cursorius_temminckii,
Luscinia_svecica,Cyanecula_svecica,
Cyanerpes_cyaneus,Cyanerpes_cyaneus,
Cyanistes_caeruleus,Cyanistes_caeruleus,
Cyanocitta_cristata,Cyanocitta_cristata,
Cyanoliseus_patagonus,Cyanoliseus_patagonus,
Cyanoloxia_glaucocaerulea,Cyanoloxia_glaucocaerulea,
Cyanoptila_cyanomelana,Cyanoptila_cyanomelana,
Cygnus_buccinator,Cygnus_buccinator,
Cygnus_columbianus,Cygnus_columbianus,
Cygnus_cygnus,Cygnus_cygnus,
Cygnus_melancoryphus,Cygnus_melancoryphus,
Cygnus_olor,Cygnus_olor,
Cynanthus_latirostris,Cynanthus_latirostris,
Cyornis_banyumas,Cyornis_banyumas,
Cyornis_glaucicomans,Cyornis_glaucicomans,
Cyornis_magnirostris,Cyornis_magnirostris,
Cyornis_rubeculoides,Cyornis_rubeculoides,
Cyornis_unicolor,Cyornis_unicolor,
Cypseloides_niger,Cypseloides_niger,
Daption_capense,Daption_capense,
Delichon_dasypus,Delichon_dasypus,
Delichon_urbicum,Delichon_urbicum,
Dendrocopos_hyperythrus,Dendrocopos_hyperythrus,
Dendrocopos_major,Dendrocopos_major,
Dendrocygna_arcuata,Dendrocygna_arcuata,
Dendrocygna_autumnalis,Dendrocygna_autumnalis,
Dendrocygna_bicolor,Dendrocygna_bicolor,
Dendrocygna_eytoni,Dendrocygna_eytoni,
Dendrocygna_javanica,Dendrocygna_javanica,
Dendronanthus_indicus,Dendronanthus_indicus,
Dicaeum_melanoxanthum,Dicaeum_melanozanthum,
Dicrurus_annectans,Dicrurus_annectens,
Dicrurus_bracteatus,Dicrurus_bracteatus,
Dicrurus_hottentottus,Dicrurus_hottentottus,
Dicrurus_leucophaeus,Dicrurus_leucophaeus,
Dicrurus_macrocercus,Dicrurus_macrocercus,
Dicrurus_paradiseus,Dicrurus_paradiseus,
Diomedea_amsterdamensis,Diomedea_amsterdamensis,
Diomedea_antipodensis,Diomedea_antipodensis,
Diomedea_dabbenena,Diomedea_dabbenena,
Diomedea_epomophora,Diomedea_epomophora,
Diomedea_exulans,Diomedea_exulans,
Diomedea_sanfordi,Diomedea_sanfordi,
Diuca_diuca,Diuca_diuca,
Dolichonyx_oryzivorus,Dolichonyx_oryzivorus,
Dromaius_novaehollandiae,Dromaius_novaehollandiae,
Dromas_ardeola,Dromas_ardeola,
Dendrocopos_minor,Dryobates_minor,
Ducula_spilorrhoa,Ducula_spilorrhoa,
Dumetella_carolinensis,Dumetella_carolinensis,
Egretta_caerulea,Egretta_caerulea,
Egretta_eulophotes,Egretta_eulophotes,
Egretta_garzetta,Egretta_garzetta,
Egretta_gularis,Egretta_gularis,
Egretta_novaehollandiae,Egretta_novaehollandiae,
Egretta_picata,Egretta_picata,
Egretta_rufescens,Egretta_rufescens,
Egretta_thula,Egretta_thula,
Egretta_tricolor,Egretta_tricolor,
Elaenia_albiceps,Elaenia_albiceps,
Elaenia_chiriquensis,Elaenia_chiriquensis,
Elaenia_mesoleuca,Elaenia_mesoleuca,
Elaenia_parvirostris,Elaenia_parvirostris,
Elaenia_spectabilis,Elaenia_spectabilis,
Elaenia_strepera,Elaenia_strepera,
Elanoides_forficatus,Elanoides_forficatus,
Elanus_axillaris,Elanus_axillaris,
Elanus_caeruleus,Elanus_caeruleus,
Elanus_leucurus,Elanus_leucurus,
Elanus_scriptus,Elanus_scriptus,
Emberiza_aureola,Emberiza_aureola,
Emberiza_bruniceps,Emberiza_bruniceps,
Emberiza_buchanani,Emberiza_buchanani,
Emberiza_caesia,Emberiza_caesia,
Emberiza_calandra,Emberiza_calandra,
Emberiza_chrysophrys,Emberiza_chrysophrys,
Emberiza_cia,Emberiza_cia,
Emberiza_cineracea,Emberiza_cineracea,
Emberiza_cioides,Emberiza_cioides,
Emberiza_cirlus,Emberiza_cirlus,
Emberiza_citrinella,Emberiza_citrinella,
Emberiza_elegans,Emberiza_elegans,
Emberiza_fucata,Emberiza_fucata,
Emberiza_godlewskii,Emberiza_godlewskii,
Emberiza_hortulana,Emberiza_hortulana,
Emberiza_impetuani,Emberiza_impetuani,
Emberiza_jankowskii,Emberiza_jankowskii,
Emberiza_lathami,Emberiza_lathami,
Emberiza_leucocephalos,Emberiza_leucocephalos,
Emberiza_melanocephala,Emberiza_melanocephala,
Emberiza_pallasi,Emberiza_pallasi,
Emberiza_pusilla,Emberiza_pusilla,
Emberiza_rustica,Emberiza_rustica,
Emberiza_rutila,Emberiza_rutila,
Emberiza_schoeniclus,Emberiza_schoeniclus,
Emberiza_siemsseni,Emberiza_siemsseni,
Emberiza_spodocephala,Emberiza_spodocephala,
Emberiza_stewarti,Emberiza_stewarti,
Emberiza_sulphurata,Emberiza_sulphurata,
Emberiza_tahapisi,Emberiza_tahapisi,
Emberiza_tristrami,Emberiza_tristrami,
Emberiza_variabilis,Emberiza_variabilis,
Emberiza_yessoensis,Emberiza_yessoensis,
Empidonax_albigularis,Empidonax_albigularis,
Empidonax_alnorum,Empidonax_alnorum,
Empidonax_difficilis,Empidonax_difficilis,
Empidonax_flaviventris,Empidonax_flaviventris,
Empidonax_fulvifrons,Empidonax_fulvifrons,
Empidonax_hammondii,Empidonax_hammondii,
Empidonax_minimus,Empidonax_minimus,
Empidonax_oberholseri,Empidonax_oberholseri,
Empidonax_occidentalis,Empidonax_occidentalis,
Empidonax_traillii,Empidonax_traillii,
Empidonax_virescens,Empidonax_virescens,
Empidonax_wrightii,Empidonax_wrightii,
Empidonomus_varius,Empidonomus_varius,
Eophona_migratoria,Eophona_migratoria,
Eophona_personata,Eophona_personata,
Eos_cyanogenia,Eos_cyanogenia,
Epthianura_albifrons,Epthianura_albifrons,
Epthianura_aurifrons,Epthianura_aurifrons,
Epthianura_crocea,Epthianura_crocea,
Epthianura_tricolor,Epthianura_tricolor,
Eremophila_alpestris,Eremophila_alpestris,
Eremopterix_australis,Eremopterix_australis,
Eremopterix_leucotis,Eremopterix_leucotis,
Eremopterix_verticalis,Eremopterix_verticalis,
Erithacus_akahige,Larvivora_akahige,"genus changed, both HBW and BLI use this"
Erithacus_komadori,Larvivora_komadori,"genus changed, both HBW and BLI use this"
Erithacus_rubecula,Erithacus_rubecula,
Erythrura_prasina,Erythrura_prasina,
Erythrura_viridifacies,Erythrura_viridifacies,
Eudocimus_albus,Eudocimus_albus,
Charadrius_morinellus,Eudromias_morinellus,
Eudynamys_orientalis,Eudynamys_orientalis,
Eudynamys_scolopaceus,Eudynamys_scolopaceus,
Eudyptes_chrysocome,Eudyptes_chrysocome,
Eudyptes_chrysolophus,Eudyptes_chrysolophus,
Eudyptes_moseleyi,Eudyptes_moseleyi,
Eudyptes_pachyrhynchus,Eudyptes_pachyrhynchus,
Eudyptes_robustus,Eudyptes_robustus,
Eudyptes_schlegeli,Eudyptes_schlegeli,
Eudyptes_sclateri,Eudyptes_sclateri,
Eugenes_fulgens,Eugenes_fulgens,
Eumyias_thalassinus,Eumyias_thalassinus,
Eupetomena_macroura,Eupetomena_macroura,
Euphagus_carolinus,Euphagus_carolinus,
Euphagus_cyanocephalus,Euphagus_cyanocephalus,
Euplectes_diadematus,Euplectes_diadematus,
Euplectes_franciscanus,Euplectes_franciscanus,
Pseudochelidon_sirintarae,Eurochelidon_sirintarae,
Eurostopodus_argus,Eurostopodus_argus,
Eurostopodus_mystacalis,Eurostopodus_mystacalis,
Eurystomus_glaucurus,Eurystomus_glaucurus,
Eurystomus_orientalis,Eurystomus_orientalis,
Falco_alopex,Falco_alopex,
Falco_amurensis,Falco_amurensis,
Falco_biarmicus,Falco_biarmicus,
Falco_cenchroides,Falco_cenchroides,
Falco_cherrug,Falco_cherrug,
Falco_columbarius,Falco_columbarius,
Falco_concolor,Falco_concolor,
Falco_eleonorae,Falco_eleonorae,
Falco_femoralis,Falco_femoralis,
Falco_hypoleucos,Falco_hypoleucos,
Falco_longipennis,Falco_longipennis,
Falco_mexicanus,Falco_mexicanus,
Falco_naumanni,Falco_naumanni,
Falco_peregrinus,Falco_peregrinus,
Falco_rusticolus,Falco_rusticolus,
Falco_severus,Falco_severus,
Falco_sparverius,Falco_sparverius,
Falco_subbuteo,Falco_subbuteo,
Falco_subniger,Falco_subniger,
Falco_tinnunculus,Falco_tinnunculus,
Falco_vespertinus,Falco_vespertinus,
Ficedula_albicilla,Ficedula_albicilla,
Ficedula_albicollis,Ficedula_albicollis,
Ficedula_elisae,Ficedula_elisae,
Muscicapella_hodgsoni,Ficedula_hodgsoni,
Ficedula_hodgsonii,Ficedula_hodgsoni,Eyres had a spelling mistake
Ficedula_hyperythra,Ficedula_hyperythra,
Ficedula_hypoleuca,Ficedula_hypoleuca,
Ficedula_mugimaki,Ficedula_mugimaki,
Ficedula_narcissina,Ficedula_narcissina,
Ficedula_parva,Ficedula_parva,
Muscicapa_ruficauda,Ficedula_ruficauda,
Ficedula_sapphira,Ficedula_sapphira,
Ficedula_semitorquata,Ficedula_semitorquata,
Ficedula_speculigera,NA,Atlas population not yet split from A. hypoleuca by HBW or BLI
Ficedula_strophiata,Ficedula_strophiata,
Ficedula_subrubra,Ficedula_subrubra,
Ficedula_superciliaris,Ficedula_superciliaris,
Ficedula_tricolor,Ficedula_tricolor,
Ficedula_westermanni,Ficedula_westermanni,
Ficedula_zanthopygia,Ficedula_zanthopygia,
Florisuga_fusca,Florisuga_fusca,
Fluvicola_albiventer,Fluvicola_albiventer,
Fratercula_arctica,Fratercula_arctica,
Fratercula_cirrhata,Fratercula_cirrhata,
Fratercula_corniculata,Fratercula_corniculata,
Fregata_andrewsi,Fregata_andrewsi,
Fregata_ariel,Fregata_ariel,
Fregata_magnificens,Fregata_magnificens,
Fregata_minor,Fregata_minor,
Fregetta_grallaria,Fregetta_grallaria,
Fregetta_maoriana,Fregetta_maoriana,
Fregetta_tropica,Fregetta_tropica,
Fringilla_coelebs,Fringilla_coelebs,
Fringilla_montifringilla,Fringilla_montifringilla,
Fulica_americana,Fulica_americana,
Fulica_atra,Fulica_atra,
Fulica_cornuta,Fulica_cornuta,
Fulmarus_glacialis,Fulmarus_glacialis,
Fulmarus_glacialoides,Fulmarus_glacialoides,
Galerida_cristata,Galerida_cristata,
Gallicrex_cinerea,Gallicrex_cinerea,
Gallinago_delicata,Gallinago_delicata,
Gallinago_gallinago,Gallinago_gallinago,
Gallinago_hardwickii,Gallinago_hardwickii,
Gallinago_media,Gallinago_media,
Gallinago_megala,Gallinago_megala,
Gallinago_nemoricola,Gallinago_nemoricola,
Gallinago_nigripennis,Gallinago_nigripennis,
Gallinago_paraguaiae,Gallinago_paraguaiae,
Gallinago_solitaria,Gallinago_solitaria,
Gallinago_stenura,Gallinago_stenura,
Gallinago_stricklandii,Gallinago_stricklandii,
Gallinula_angulata,Gallinula_angulata,
Gallinula_chloropus,Gallinula_chloropus,
Gallinula_galeata,Gallinula_galeata,
Gallinula_tenebrosa,Gallinula_tenebrosa,
Garrodia_nereis,Garrodia_nereis,
Gavia_adamsii,Gavia_adamsii,
Gavia_arctica,Gavia_arctica,
Gavia_immer,Gavia_immer,
Gavia_pacifica,Gavia_pacifica,
Gavia_stellata,Gavia_stellata,
Gelochelidon_nilotica,Gelochelidon_nilotica,
Geoffroyus_simplex,Geoffroyus_simplex,
Geokichla_citrina,Geokichla_citrina,
Geokichla_guttata,Geokichla_guttata,
Geokichla_sibirica,Geokichla_sibirica,
Geokichla_wardii,Geokichla_wardii,
Geopelia_cuneata,Geopelia_cuneata,
Geophaps_smithii,Geophaps_smithii,
Geositta_antarctica,Geositta_antarctica,
Geositta_cunicularia,Geositta_cunicularia,
Geositta_rufipennis,Geositta_rufipennis,
Geothlypis_formosa,Geothlypis_formosa,
Geothlypis_philadelphia,Geothlypis_philadelphia,
Geothlypis_tolmiei,Geothlypis_tolmiei,
Geothlypis_trichas,Geothlypis_trichas,
Geothlypis_velata,Geothlypis_aequinoctialis,BLI and HBW consider G. aeq. velata the south american subspecies of G. aeq
Geotrygon_montana,Geotrygon_montana,
Buteo_polyosoma,Geranoaetus_polyosoma,
Geronticus_eremita,Geronticus_eremita,
Gerygone_fusca,Gerygone_fusca,
Gerygone_olivacea,Gerygone_olivacea,
Glareola_lactea,Glareola_lactea,
Glareola_maldivarum,Glareola_maldivarum,
Glareola_nordmanni,Glareola_nordmanni,
Glareola_nuchalis,Glareola_nuchalis,
Glareola_ocularis,Glareola_ocularis,
Glareola_pratincola,Glareola_pratincola,
Glaucidium_nana,Glaucidium_nana,
Glossopsitta_concinna,Glossopsitta_concinna,
Glossopsitta_pusilla,Glossopsitta_pusilla,
Gorsachius_goisagi,Gorsachius_goisagi,
Gorsachius_magnificus,Gorsachius_magnificus,
Gorsachius_melanolophus,Gorsachius_melanolophus,
Grandala_coelicolor,Grandala_coelicolor,
Grantiella_picta,Grantiella_picta,
Griseotyrannus_aurantioatrocristatus,Griseotyrannus_aurantioatrocristatus,
Grus_americana,Grus_americana,
Grus_grus,Grus_grus,
Grus_japonensis,Grus_japonensis,
Grus_monacha,Grus_monacha,
Grus_nigricollis,Grus_nigricollis,
Guaruba_guarouba,Guaruba_guarouba,
Phalacrocorax_aristotelis,Gulosus_aristotelis,
Gygis_alba,Gygis_alba,
Gymnoris_dentata,Gymnoris_dentata,
Gymnoris_xanthocollis,Gymnoris_xanthocollis,
Gyps_fulvus,Gyps_fulvus,
Haematopus_ater,Haematopus_ater,
Haematopus_bachmani,NA,not split yet
Haematopus_leucopodus,Haematopus_leucopodus,
Haematopus_finschi,NA,not split yet
Haematopus_ostralegus,Haematopus_ostralegus,
Haematopus_palliatus,Haematopus_palliatus,
Carpodacus_cassinii,Haemorhous_cassinii,
Carpodacus_mexicanus,Haemorhous_mexicanus,
Carpodacus_purpureus,Haemorhous_purpureus,
Halcyon_coromanda,Halcyon_coromanda,
Halcyon_leucocephala,Halcyon_leucocephala,
Halcyon_pileata,Halcyon_pileata,
Halcyon_senegalensis,Halcyon_senegalensis,
Halcyon_senegaloides,Halcyon_senegaloides,
Haliaeetus_albicilla,Haliaeetus_albicilla,
Haliaeetus_leucocephalus,Haliaeetus_leucocephalus,
Haliaeetus_leucoryphus,Haliaeetus_leucoryphus,
Haliaeetus_pelagicus,Haliaeetus_pelagicus,
Haliastur_sphenurus,Haliastur_sphenurus,
Halobaena_caerulea,Halobaena_caerulea,
Hamirostra_melanosternon,Hamirostra_melanosternon,
Harpagus_diodon,Harpagus_diodon,
Hedydipna_metallica,Hedydipna_metallica,
Hedydipna_platura,Hedydipna_platura,
Heliactin_bilophus,Heliactin_bilophus,
Heliomaster_constantii,Heliomaster_constantii,
Heliopais_personatus,Heliopais_personatus,
Helmitheros_vermivorum,Helmitheros_vermivorum,
Anthus_chloris,Hemimacronyx_chloris,
Urosphena_pallidipes,Hemitesia_pallidipes,
Hesperiphona_vespertina,Hesperiphona_vespertina,
Heteromunia_pectoralis,Heteromunia_pectoralis,
Heteronetta_atricapilla,Heteronetta_atricapilla,
Cacomantis_pallidus,Heteroscenes_pallidus,
Hieraaetus_ayresii,Hieraaetus_ayresii,
Hieraaetus_morphnoides,Hieraaetus_morphnoides,
Hieraaetus_pennatus,Hieraaetus_pennatus,
Hieraaetus_wahlbergi,Hieraaetus_wahlbergi,
Hierococcyx_hyperythrus,Hierococcyx_hyperythrus,
Hierococcyx_nisicolor,Hierococcyx_nisicolor,
Hierococcyx_sparverioides,Hierococcyx_sparverioides,
Hierococcyx_varius,Hierococcyx_varius,
Himantopus_himantopus,Himantopus_himantopus,
Himantopus_leucocephalus,NA,not split yet
Himantopus_mexicanus,NA,not split yet
Hippolais_icterina,Hippolais_icterina,
Hippolais_languida,Hippolais_languida,
Hippolais_olivetorum,Hippolais_olivetorum,
Hippolais_polyglotta,Hippolais_polyglotta,
Hirundapus_caudacutus,Hirundapus_caudacutus,
Hirundapus_cochinchinensis,Hirundapus_cochinchinensis,
Hirundapus_giganteus,Hirundapus_giganteus,
Hirundinea_ferruginea,Hirundinea_ferruginea,
Hirundo_aethiopica,Hirundo_aethiopica,
Hirundo_albigularis,Hirundo_albigularis,
Hirundo_atrocaerulea,Hirundo_atrocaerulea,
Hirundo_dimidiata,Hirundo_dimidiata,
Hirundo_leucosoma,Hirundo_leucosoma,
Hirundo_neoxena,Hirundo_neoxena,
Hirundo_rustica,Hirundo_rustica,
Hirundo_smithii,Hirundo_smithii,
Histrionicus_histrionicus,Histrionicus_histrionicus,
Hodgsonius_phoenicuroides,Hodgsonius_phaenicuroides,
Horornis_borealis,Horornis_canturians,H.c.borealis is lumped in H.canturians by both HBW and BLI
Horornis_diphone,Horornis_diphone,
Horornis_flavolivaceus,Horornis_flavolivaceus,
Horornis_fortipes,Horornis_fortipes,
Houbaropsis_bengalensis,Houbaropsis_bengalensis,
Oceanodroma_castro,Hydrobates_castro,
Oceanodroma_furcata,Hydrobates_furcatus,
Oceanodroma_hornbyi,Hydrobates_hornbyi,
Oceanodroma_leucorhoa,Hydrobates_leucorhous,note spelling
Oceanodroma_markhami,Hydrobates_markhami,
Oceanodroma_matsudairae,Hydrobates_matsudairae,
Oceanodroma_melania,Hydrobates_melania,
Oceanodroma_microsoma,Hydrobates_microsoma,
Oceanodroma_monorhis,Hydrobates_monorhis,
Hydrobates_pelagicus,Hydrobates_pelagicus,
Oceanodroma_tethys,Hydrobates_tethys,
Oceanodroma_tristrami,Hydrobates_tristrami,
Hydrocoloeus_minutus,Hydrocoloeus_minutus,
Hydrophasianus_chirurgus,Hydrophasianus_chirurgus,
Hydroprogne_caspia,Hydroprogne_caspia,
Caprimulgus_maculicaudus,Hydropsalis_maculicaudus,
Hydropsalis_torquata,Hydropsalis_torquata,
Hylocichla_mustelina,Hylocichla_mustelina,
Hymenops_perspicillatus,Hymenops_perspicillatus,
Hypocolius_ampelinus,Hypocolius_ampelinus,
Gallirallus_philippensis,Hypotaenidia_philippensis,
Hypsipetes_amaurotis,Hypsipetes_amaurotis,
Hypsipetes_leucocephalus,Hypsipetes_leucocephalus,
Ibidorhyncha_struthersii,Ibidorhyncha_struthersii,
Icteria_virens,Icteria_virens,
Icterus_abeillei,Icterus_abeillei,
Icterus_bullockii,Icterus_bullockiorum,
Icterus_cucullatus,Icterus_cucullatus,
Icterus_fuertesi,Icterus_fuertesi,
Icterus_galbula,Icterus_galbula,
Icterus_parisorum,Icterus_parisorum,
Icterus_spurius,Icterus_spurius,
Icthyophaga_humilis,Icthyophaga_humilis,
Ictinia_mississippiensis,Ictinia_mississippiensis,
Ictinia_plumbea,Ictinia_plumbea,
Iduna_caligata,Iduna_caligata,
Iduna_opaca,Iduna_opaca,
Iduna_pallida,Iduna_pallida,
Iduna_rama,Iduna_rama,
Inezia_inornata,Inezia_inornata,
Irania_gutturalis,Irania_gutturalis,
Irediparra_gallinacea,Irediparra_gallinacea,
Ispidina_picta,Ispidina_picta,
Ixobrychus_cinnamomeus,Ixobrychus_cinnamomeus,
Ixobrychus_dubius,Ixobrychus_dubius,
Ixobrychus_eurhythmus,Ixobrychus_eurhythmus,
Ixobrychus_exilis,Ixobrychus_exilis,
Dupetor_flavicollis,Ixobrychus_flavicollis,
Ixobrychus_minutus,Ixobrychus_minutus,
Ixobrychus_sinensis,Ixobrychus_sinensis,
Ixobrychus_sturmii,Ixobrychus_sturmii,
Ixoreus_naevius,Ixoreus_naevius,
Junco_hyemalis,Junco_hyemalis,
Jynx_ruficollis,Jynx_ruficollis,
Jynx_torquilla,Jynx_torquilla,
Knipolegus_aterrimus,Knipolegus_aterrimus,
Knipolegus_cyanirostris,Knipolegus_cyanirostris,
Knipolegus_hudsoni,Knipolegus_hudsoni,
Lagopus_lagopus,Lagopus_lagopus,
Lagopus_muta,Lagopus_muta,
Coracina_melanoptera,Lalage_melanoptera,
Coracina_melaschistos,Lalage_melaschistos,
Lalage_tricolor,Lalage_tricolor,
Lampornis_clemenciae,Lampornis_clemenciae,
Lamprotornis_chalybaeus,Lamprotornis_chalybaeus,
Lamprotornis_shelleyi,Lamprotornis_shelleyi,
Lanius_bucephalus,Lanius_bucephalus,
Lanius_collurio,Lanius_collurio,
Lanius_collurioides,Lanius_collurioides,
Lanius_cristatus,Lanius_cristatus,
Lanius_excubitor,Lanius_excubitor,
Lanius_isabellinus,Lanius_isabellinus,
Lanius_ludovicianus,Lanius_ludovicianus,
Lanius_minor,Lanius_minor,
Lanius_nubicus,Lanius_nubicus,
Lanius_pallidirostris,NA,BLI and HBW consider L. e. pallidirostris a ssp of L. excubitor
Lanius_phoenicuroides,Lanius_phoenicuroides,
Lanius_schach,Lanius_schach,
Lanius_senator,Lanius_senator,
Lanius_sphenocercus,Lanius_sphenocercus,
Lanius_tephronotus,Lanius_tephronotus,
Lanius_tigrinus,Lanius_tigrinus,
Lanius_vittatus,Lanius_vittatus,
Larosterna_inca,Larosterna_inca,
Larus_argentatus,Larus_argentatus,
Larus_armenicus,Larus_armenicus,
Larus_atlanticus,Larus_atlanticus,
Leucophaeus_atricilla,Larus_atricilla,
Ichthyaetus_audouinii,Larus_audouinii,
Larus_belcheri,Larus_belcheri,
Chroicocephalus_brunnicephalus,Larus_brunnicephalus,
Chroicocephalus_bulleri,Larus_bulleri,
Larus_cachinnans,Larus_cachinnans,
Larus_californicus,Larus_californicus,
Larus_canus,Larus_canus,
Chroicocephalus_cirrocephalus,Larus_cirrocephalus,
Larus_crassirostris,Larus_crassirostris,
Larus_delawarensis,Larus_delawarensis,
Larus_dominicanus,Larus_dominicanus,
Larus_fuscus,Larus_fuscus,
Chroicocephalus_genei,Larus_genei,
Larus_glaucescens,Larus_glaucescens,
Larus_glaucoides,Larus_glaucoides,
Larus_heermanni,Larus_heermanni,
Ichthyaetus_hemprichii,Larus_hemprichii,
Larus_hyperboreus,Larus_hyperboreus,
Ichthyaetus_ichthyaetus,Larus_ichthyaetus,
Ichthyaetus_leucophthalmus,Larus_leucophthalmus,
Larus_livens,Larus_livens,
Chroicocephalus_maculipennis,Larus_maculipennis,
Larus_marinus,Larus_marinus,
Ichthyaetus_melanocephalus,Larus_melanocephalus,
Larus_michahellis,Larus_michahellis,
Leucophaeus_modestus,Larus_modestus,
Chroicocephalus_novaehollandiae,Larus_novaehollandiae,
Larus_occidentalis,Larus_occidentalis,
Chroicocephalus_philadelphia,Larus_philadelphia,
Leucophaeus_pipixcan,Larus_pipixcan,
Ichthyaetus_relictus,Larus_relictus,
Chroicocephalus_ridibundus,Larus_ridibundus,
Larus_schistisagus,Larus_schistisagus,
Leucophaeus_scoresbii,Larus_scoresbii,
Chroicocephalus_serranus,Larus_serranus,
Larus_smithsonianus,Larus_smithsonianus,
Larus_thayeri,Larus_glaucoides,HBW and BLI lump Thayers into Iceland Gull
Larus_vegae,Larus_smithsonianus,HBW and BLI lump Vega into Arctic Herring Gull
Luscinia_brunnea,Larvivora_brunnea,
Luscinia_cyane,Larvivora_cyane,
Luscinia_ruficeps,Larvivora_ruficeps,
Luscinia_sibilans,Larvivora_sibilans,
Laterallus_jamaicensis,Laterallus_jamaicensis,
Lathamus_discolor,Lathamus_discolor,
Lathrotriccus_euleri,Lathrotriccus_euleri,
Legatus_leucophaius,Legatus_leucophaius,
Leiothlypis_celata,Leiothlypis_celata,
Leiothlypis_crissalis,Leiothlypis_crissalis,
Leiothlypis_luciae,Leiothlypis_luciae,
Leiothlypis_peregrina,Leiothlypis_peregrina,
Leiothlypis_ruficapilla,Leiothlypis_ruficapilla,
Leiothlypis_virginiae,Leiothlypis_virginiae,
Leptasthenura_aegithaloides,Leptasthenura_aegithaloides,
Leptopoecile_sophiae,Leptopoecile_sophiae,
Leptoptilos_crumenifer,Leptoptilos_crumenifer,
Leptoptilos_dubius,Leptoptilos_dubius,
Leptoptilos_javanicus,Leptoptilos_javanicus,
Leptosittaca_branickii,Leptosittaca_branickii,
Lessonia_rufa,Lessonia_rufa,
Leucocarbo_bougainvillii,Leucocarbo_bougainvilliorum,
Phalacrocorax_magellanicus,Leucocarbo_magellanicus,
Grus_leucogeranus,Leucogeranus_leucogeranus,
Leucosticte_arctoa,Leucosticte_arctoa,
Leucosticte_atrata,Leucosticte_atrata,
Leucosticte_brandti,Leucosticte_brandti,
Leucosticte_nemoricola,Leucosticte_nemoricola,
Leucosticte_tephrocotis,Leucosticte_tephrocotis,
Lewinia_pectoralis,Lewinia_pectoralis,
Limnodromus_griseus,Limnodromus_griseus,
Limnodromus_scolopaceus,Limnodromus_scolopaceus,
Limnodromus_semipalmatus,Limnodromus_semipalmatus,
Limnothlypis_swainsonii,Limnothlypis_swainsonii,
Limosa_fedoa,Limosa_fedoa,
Limosa_haemastica,Limosa_haemastica,
Limosa_lapponica,Limosa_lapponica,
Limosa_limosa,Limosa_limosa,
Carduelis_cannabina,Linaria_cannabina,
Carduelis_flavirostris,Linaria_flavirostris,
Lissotis_hartlaubii,Lissotis_hartlaubii,
Lissotis_melanogaster,Lissotis_melanogaster,
Locustella_amnicola,Locustella_amnicola,
Locustella_certhiola,Locustella_certhiola,
Locustella_davidi,Locustella_davidi,
Locustella_fasciolata,Locustella_fasciolata,
Locustella_fluviatilis,Locustella_fluviatilis,
Locustella_kashmirensis,Locustella_kashmirensis,
Locustella_lanceolata,Locustella_lanceolata,
Locustella_luscinioides,Locustella_luscinioides,
Locustella_luteoventris,Locustella_luteoventris,
Locustella_mandelli,Locustella_mandelli,
Locustella_naevia,Locustella_naevia,
Locustella_ochotensis,Locustella_ochotensis,
Locustella_pleskei,Locustella_pleskei,
Locustella_pryeri,Locustella_pryeri,
Locustella_tacsanowskia,Locustella_tacsanowskia,
Locustella_thoracica,Locustella_thoracica,
Lonchura_castaneothorax,Lonchura_castaneothorax,
Lonchura_flaviprymna,Lonchura_flaviprymna,
Lophodytes_cucullatus,Lophodytes_cucullatus,
Lophoictinia_isura,Lophoictinia_isura,
Lopholaimus_antarcticus,Lopholaimus_antarcticus,
Lophophanes_cristatus,Lophophanes_cristatus,
Loriculus_exilis,Loriculus_exilis,
Loriculus_galgulus,Loriculus_galgulus,
Loriculus_pusillus,Loriculus_pusillus,
Loriculus_stigmatus,Loriculus_stigmatus,
Loxia_curvirostra,Loxia_curvirostra,
Loxia_leucoptera,Loxia_leucoptera,
Loxia_pytyopsittacus,Loxia_pytyopsittacus,
Lullula_arborea,Lullula_arborea,
Luscinia_luscinia,Luscinia_luscinia,
Luscinia_megarhynchos,Luscinia_megarhynchos,
Luscinia_pectoralis,Calliope_pectoralis,"genus change, HBW and BLI use Calliope"
Lymnocryptes_minimus,Lymnocryptes_minimus,
Macgregoria_pulchra,Macgregoria_pulchra,
Macronectes_giganteus,Macronectes_giganteus,
Macronectes_halli,Macronectes_halli,
Macropygia_unchall,Macropygia_unchall,
Malacorhynchus_membranaceus,Malacorhynchus_membranaceus,
Anas_americana,Mareca_americana,
Anas_falcata,Mareca_falcata,
Anas_penelope,Mareca_penelope,
Anas_sibilatrix,Mareca_sibilatrix,
Anas_strepera,Mareca_strepera,
Marmaronetta_angustirostris,Marmaronetta_angustirostris,
Megaceryle_alcyon,Megaceryle_alcyon,
Megaceryle_torquata,Megaceryle_torquata,
Megadyptes_antipodes,Megadyptes_antipodes,
Megarynchus_pitangua,Megarynchus_pitangua,
Sigelus_silens,Melaenornis_silens,
Melanerpes_erythrocephalus,Melanerpes_erythrocephalus,
Melanerpes_lewis,Melanerpes_lewis,
Melanitta_americana,Melanitta_americana,
Melanitta_deglandi,Melanitta_deglandi,
Melanitta_fusca,Melanitta_fusca,
Melanitta_nigra,Melanitta_nigra,
Melanitta_perspicillata,Melanitta_perspicillata,
Melanocorypha_bimaculata,Melanocorypha_bimaculata,
Melanocorypha_calandra,Melanocorypha_calandra,
Melanocorypha_mongolica,Melanocorypha_mongolica,
Melanocorypha_yeltoniensis,Melanocorypha_yeltoniensis,
Melierax_canorus,Melierax_canorus,
Melithreptus_lunatus,Melithreptus_lunatus,
Melopsittacus_undulatus,Melopsittacus_undulatus,
Melospiza_georgiana,Melospiza_georgiana,
Melospiza_lincolnii,Melospiza_lincolnii,
Melospiza_melodia,Melospiza_melodia,
Mergellus_albellus,Mergellus_albellus,
Mergus_merganser,Mergus_merganser,
Mergus_serrator,Mergus_serrator,
Mergus_squamatus,Mergus_squamatus,
Merops_albicollis,Merops_albicollis,
Merops_apiaster,Merops_apiaster,
Merops_gularis,Merops_gularis,
Merops_hirundineus,Merops_hirundineus,
Merops_leschenaulti,Merops_leschenaulti,
Merops_malimbicus,Merops_malimbicus,
Merops_nubicoides,Merops_nubicoides,
Merops_nubicus,Merops_nubicus,
Merops_orientalis,Merops_orientalis,
Merops_ornatus,Merops_ornatus,
Merops_persicus,Merops_persicus,
Merops_philippinus,Merops_philippinus,
Merops_superciliosus,Merops_superciliosus,
Merops_viridis,Merops_viridis,
Metriopelia_melanoptera,Metriopelia_melanoptera,
Micrathene_whitneyi,Micrathene_whitneyi,
Microcarbo_niger,Microcarbo_niger,
Microcarbo_pygmeus,Microcarbo_pygmaeus,
Micropsitta_bruijnii,Micropsitta_bruijnii,
Milvus_migrans,Milvus_migrans,
Milvus_milvus,Milvus_milvus,
Mimus_patagonicus,Mimus_patagonicus,
Mimus_triurus,Mimus_triurus,
Mirafra_cantillans,Mirafra_javanica,
Mirafra_passerina,Mirafra_passerina,
Mirafra_pulpa,Mirafra_pulpa,
Mniotilta_varia,Mniotilta_varia,
Molothrus_aeneus,Molothrus_aeneus,
Molothrus_ater,Molothrus_ater,
Molothrus_bonariensis,Molothrus_bonariensis,
Monarcha_frater,Monarcha_frater,
Monarcha_melanopsis,Monarcha_melanopsis,
Monticola_cinclorhynchus,Monticola_cinclorhyncha,Eyres had a spelling mistake
Monticola_gularis,Monticola_gularis,
Monticola_rufiventris,Monticola_rufiventris,
Monticola_saxatilis,Monticola_saxatilis,
Monticola_solitarius,Monticola_solitarius,
Montifringilla_adamsi,Montifringilla_adamsi,
Morus_bassanus,Morus_bassanus,
Motacilla_alba,Motacilla_alba,
Motacilla_cinerea,Motacilla_cinerea,
Motacilla_citreola,Motacilla_citreola,
Motacilla_flava,Motacilla_flava,
Motacilla_grandis,Motacilla_grandis,
Motacilla_maderaspatensis,Motacilla_maderaspatensis,
Motacilla_tschutschensis,Motacilla_tschutschensis,
Muscicapa_dauurica,Muscicapa_dauurica,
Muscicapa_ferruginea,Muscicapa_ferruginea,
Muscicapa_gambagae,Muscicapa_gambagae,
Muscicapa_griseisticta,Muscicapa_griseisticta,
Muscicapa_muttui,Muscicapa_muttui,
Muscicapa_sibirica,Muscicapa_sibirica,
Muscicapa_striata,Muscicapa_striata,
Muscisaxicola_albilora,Muscisaxicola_albilora,
Muscisaxicola_capistratus,Muscisaxicola_capistratus,
Muscisaxicola_cinereus,Muscisaxicola_cinereus,
Muscisaxicola_flavinucha,Muscisaxicola_flavinucha,
Muscisaxicola_frontalis,Muscisaxicola_frontalis,
Muscisaxicola_maclovianus,Muscisaxicola_maclovianus,
Muscisaxicola_maculirostris,Muscisaxicola_maculirostris,
Myadestes_townsendi,Myadestes_townsendi,
Mycteria_americana,Mycteria_americana,
Mycteria_ibis,Mycteria_ibis,
Mycteria_leucocephala,Mycteria_leucocephala,
Myiagra_cyanoleuca,Myiagra_cyanoleuca,
Myiagra_inquieta,Myiagra_inquieta,
Myiagra_rubecula,Myiagra_rubecula,
Myiarchus_cinerascens,Myiarchus_cinerascens,
Myiarchus_crinitus,Myiarchus_crinitus,
Myiarchus_swainsoni,Myiarchus_swainsoni,
Myiarchus_tuberculifer,Myiarchus_tuberculifer,
Myiarchus_tyrannulus,Myiarchus_tyrannulus,
Myioborus_pictus,Myioborus_pictus,
Myiodynastes_luteiventris,Myiodynastes_luteiventris,
Myiodynastes_maculatus,Myiodynastes_maculatus,
Myiophobus_fasciatus,Myiophobus_fasciatus,
Myiozetetes_similis,Myiozetetes_similis,
Myophonus_caeruleus,Myophonus_caeruleus,
Myzomela_sanguinolenta,Myzomela_sanguinolenta,
Apus_salimalii,NA,subspecies of A. pacificus - not yet split by either HBW or BLI. Exclude this row
Bubulcus_coromandus,NA,"eastern cattle egret, currently lumped by HBW and BLI under B. ibis. Exclude"
Cecropis_striolata,NA,this is lumped in C. daurica in both BLI and HBW. Remove
Thalasseus_acuflavidus,NA,still lumped into T. sandvicensis
Phalacrocorax_auritus,Nannopterum_auritus,
Nectarinia_famosa,Nectarinia_famosa,
Nectarinia_kilimensis,Nectarinia_kilimensis,
Riparia_cincta,Neophedina_cincta,
Neophema_chrysogaster,Neophema_chrysogaster,
Neophema_chrysostoma,Neophema_chrysostoma,
Neophema_elegans,Neophema_elegans,
Neophema_splendida,Neophema_splendida,
Neophron_percnopterus,Neophron_percnopterus,
Neopsephotus_bourkii,Neopsephotus_bourkii,
Neotis_denhami,Neotis_denhami,
Neotis_ludwigii,Neotis_ludwigii,
Neoxolmis_rufiventris,Neoxolmis_rufiventris,
Nesofregetta_fuliginosa,Nesofregetta_fuliginosa,
Netta_peposaca,Netta_peposaca,
Netta_rufina,Netta_rufina,
Nettapus_coromandelianus,Nettapus_coromandelianus,
Niltava_davidi,Niltava_davidi,
Niltava_grandis,Niltava_grandis,
Niltava_macgrigoriae,Niltava_macgrigoriae,
Niltava_sundara,Niltava_sundara,
Niltava_vivida,Niltava_vivida,
Ninox_japonica,Ninox_japonica,
Nipponia_nippon,Nipponia_nippon,
Nisaetus_nipalensis,Nisaetus_nipalensis,
Numenius_americanus,Numenius_americanus,
Numenius_arquata,Numenius_arquata,
Numenius_madagascariensis,Numenius_madagascariensis,
Numenius_minutus,Numenius_minutus,
Numenius_phaeopus,Numenius_phaeopus,
Numenius_tahitiensis,Numenius_tahitiensis,
Numenius_tenuirostris,Numenius_tenuirostris,
Nyctanassa_violacea,Nyctanassa_violacea,
Nycticorax_caledonicus,Nycticorax_caledonicus,
Nycticorax_nycticorax,Nycticorax_nycticorax,
Nycticryphes_semicollaris,Nycticryphes_semicollaris,
Nymphicus_hollandicus,Nymphicus_hollandicus,
Oceanites_gracilis,Oceanites_gracilis,
Oceanites_oceanicus,Oceanites_oceanicus,
Oena_capensis,Oena_capensis,
Oenanthe_chrysopygia,Oenanthe_chrysopygia,
Oenanthe_cypriaca,Oenanthe_cypriaca,
Oenanthe_deserti,Oenanthe_deserti,
Oenanthe_finschii,Oenanthe_finschii,
Oenanthe_heuglini,Oenanthe_heuglinii,
Oenanthe_hispanica,Oenanthe_hispanica,
Oenanthe_isabellina,Oenanthe_isabellina,
Oenanthe_lugens,Oenanthe_lugens,
Oenanthe_oenanthe,Oenanthe_oenanthe,
Oenanthe_picata,Oenanthe_picata,
Oenanthe_pileata,Oenanthe_pileata,
Oenanthe_pleschanka,Oenanthe_pleschanka,
Oenanthe_xanthoprymna,Oenanthe_xanthoprymna,
Ognorhynchus_icterotis,Ognorhynchus_icterotis,
Onychoprion_aleuticus,Onychoprion_aleuticus,
Onychoprion_anaethetus,Onychoprion_anaethetus,
Onychoprion_fuscatus,Onychoprion_fuscatus,
Onychoprion_lunatus,Onychoprion_lunatus,
Oporornis_agilis,Oporornis_agilis,
Oreopholus_ruficollis,Oreopholus_ruficollis,
Oreoscoptes_montanus,Oreoscoptes_montanus,
Oriolus_auratus,Oriolus_auratus,
Oriolus_chinensis,Oriolus_chinensis,
Oriolus_kundoo,Oriolus_kundoo,
Oriolus_mellianus,Oriolus_mellianus,
Oriolus_oriolus,Oriolus_oriolus,
Oriolus_sagittatus,Oriolus_sagittatus,
Oriolus_tenuirostris,Oriolus_tenuirostris,
Oriolus_traillii,Oriolus_traillii,
Oriolus_xanthornus,Oriolus_xanthornus,
Ortyxelos_meiffrenii,Ortyxelos_meiffrenii,
Otis_tarda,Otis_tarda,
Otus_brucei,Otus_brucei,
Otus_scops,Otus_scops,
Otus_semitorques,Otus_semitorques,
Otus_sunia,Otus_sunia,
Oxyura_australis,Oxyura_australis,
Oxyura_jamaicensis,Oxyura_jamaicensis,
Oxyura_leucocephala,Oxyura_leucocephala,
Oxyura_vittata,Oxyura_vittata,
Pachycephala_rufiventris,Pachycephala_rufiventris,
Pachyptila_belcheri,Pachyptila_belcheri,
Pachyptila_crassirostris,Pachyptila_crassirostris,
Pachyptila_desolata,Pachyptila_desolata,
Pachyptila_salvini,Pachyptila_salvini,
Pachyptila_turtur,Pachyptila_turtur,
Pachyptila_vittata,Pachyptila_vittata,
Pachyramphus_aglaiae,Pachyramphus_aglaiae,
Pagodroma_nivea,Pagodroma_nivea,
Pagophila_eburnea,Pagophila_eburnea,
Pandion_haliaetus,Pandion_haliaetus,
Panurus_biarmicus,Panurus_biarmicus,
Periparus_venustulus,Pardaliparus_venustulus,
Pardalotus_punctatus,Pardalotus_punctatus,
Pardalotus_striatus,Pardalotus_striatus,
Parkesia_motacilla,Parkesia_motacilla,
Parkesia_noveboracensis,Parkesia_noveboracensis,
Parus_minor,NA,"Parus_major_minor, the Japanese ssp. Is partially migrant"
Passer_domesticus,Passer_domesticus,
Passer_eminibey,Passer_eminibey,
Passer_griseus,Passer_griseus,
Passer_hispaniolensis,Passer_hispaniolensis,
Passer_luteus,Passer_luteus,
Passer_moabiticus,Passer_moabiticus,
Passer_montanus,Passer_montanus,
Passer_motitensis,Passer_motitensis,
Passer_rutilans,Passer_cinnamomeus,P.c.rutilans is a ssp of P.cinnamomeus
Passer_swainsonii,Passer_swainsonii,
Ammodramus_bairdii,Passerculus_bairdii,
Ammodramus_henslowii,Passerculus_henslowii,
Passerculus_sandwichensis,Passerculus_sandwichensis,
Spizella_arborea,Passerella_arborea,
Passerella_iliaca,Passerella_iliaca,
Passerina_amoena,Passerina_amoena,
Passerina_caerulea,Passerina_caerulea,
Passerina_ciris,Passerina_ciris,
Passerina_cyanea,Passerina_cyanea,
Passerina_versicolor,Passerina_versicolor,
Pastor_roseus,Pastor_roseus,
Patagioenas_araucana,Patagioenas_araucana,
Patagioenas_fasciata,Patagioenas_fasciata,
Patagioenas_flavirostris,Patagioenas_flavirostris,
Patagona_gigas,Patagona_gigas,
Pelagodroma_marina,Pelagodroma_marina,
Pelecanoides_garnotii,Pelecanoides_garnotii,
Pelecanoides_urinatrix,Pelecanoides_urinatrix,
Pelecanus_conspicillatus,Pelecanus_conspicillatus,
Pelecanus_crispus,Pelecanus_crispus,
Pelecanus_erythrorhynchos,Pelecanus_erythrorhynchos,
Pelecanus_occidentalis,Pelecanus_occidentalis,
Pelecanus_onocrotalus,Pelecanus_onocrotalus,
Pelecanus_philippensis,Pelecanus_philippensis,
Pelecanus_rufescens,Pelecanus_rufescens,
Pelecanus_thagus,Pelecanus_thagus,
Peltohyas_australis,Peltohyas_australis,
Pericrocotus_cantonensis,Pericrocotus_cantonensis,
Pericrocotus_divaricatus,Pericrocotus_divaricatus,
Pericrocotus_ethologus,Pericrocotus_ethologus,
Pericrocotus_roseus,Pericrocotus_roseus,
Periparus_ater,Periparus_ater,
Pernis_apivorus,Pernis_apivorus,
Pernis_ptilorhynchus,Pernis_ptilorhynchus,
Petrochelidon_ariel,Petrochelidon_ariel,
Petrochelidon_fluvicola,Petrochelidon_fluvicola,
Petrochelidon_fulva,Petrochelidon_fulva,
Petrochelidon_nigricans,Petrochelidon_nigricans,
Petrochelidon_preussi,Petrochelidon_preussi,
Petrochelidon_pyrrhonota,Petrochelidon_pyrrhonota,
Petrochelidon_rufigula,Petrochelidon_rufigula,
Petrochelidon_spilodera,Petrochelidon_spilodera,
Petroica_goodenovii,Petroica_goodenovii,
Petroica_phoenicea,Petroica_phoenicea,
Petroica_rodinogaster,Petroica_rodinogaster,
Petroica_rosea,Petroica_rosea,
Petronia_petronia,Petronia_petronia,
Peucaea_aestivalis,Peucaea_aestivalis,
Peucaea_botterii,Peucaea_botterii,
Peucaea_cassinii,Peucaea_cassinii,
Phaeomyias_murina,Phaeomyias_murina,
Phaethon_aethereus,Phaethon_aethereus,
Phaethon_lepturus,Phaethon_lepturus,
Phaethon_rubricauda,Phaethon_rubricauda,
Phainopepla_nitens,Phainopepla_nitens,
Phalacrocorax_capillatus,Phalacrocorax_capillatus,
Phalacrocorax_carbo,Phalacrocorax_carbo,
Phalacrocorax_nigrogularis,Phalacrocorax_nigrogularis,
Phalacrocorax_sulcirostris,Phalacrocorax_sulcirostris,
Phalaenoptilus_nuttallii,Phalaenoptilus_nuttallii,
Phalaropus_fulicarius,Phalaropus_fulicarius,
Phalaropus_lobatus,Phalaropus_lobatus,
Milvago_chimango,Phalcoboenus_chimango,
Phaps_histrionica,Phaps_histrionica,
Phedina_borbonica,Phedina_borbonica,
Pheucticus_aureoventris,Pheucticus_aureoventris,
Pheucticus_chrysopeplus,Pheucticus_chrysopeplus,
Pheucticus_ludovicianus,Pheucticus_ludovicianus,
Pheucticus_melanocephalus,Pheucticus_melanocephalus,
Phibalura_flavirostris,Phibalura_flavirostris,
Philemon_citreogularis,Philemon_citreogularis,
Philemon_corniculatus,Philemon_corniculatus,
Phleocryptes_melanops,Phleocryptes_melanops,
Phoebastria_albatrus,Phoebastria_albatrus,
Phoebastria_immutabilis,Phoebastria_immutabilis,
Phoebastria_irrorata,Phoebastria_irrorata,
Phoebastria_nigripes,Phoebastria_nigripes,
Phoebetria_fusca,Phoebetria_fusca,
Phoebetria_palpebrata,Phoebetria_palpebrata,
Phoeniconaias_minor,Phoeniconaias_minor,
Phoenicoparrus_andinus,Phoenicoparrus_andinus,
Phoenicoparrus_jamesi,Phoenicoparrus_jamesi,
Phoenicopterus_chilensis,Phoenicopterus_chilensis,
Phoenicopterus_roseus,Phoenicopterus_roseus,
Phoenicopterus_ruber,Phoenicopterus_ruber,
Phoenicurus_alaschanicus,Phoenicurus_alaschanicus,
Phoenicurus_auroreus,Phoenicurus_auroreus,
Phoenicurus_coeruleocephala,Phoenicurus_coeruleocephala,
Phoenicurus_erythrogastrus,Phoenicurus_erythrogastrus,
Phoenicurus_erythronotus,Phoenicurus_erythronotus,
Phoenicurus_frontalis,Phoenicurus_frontalis,
Rhyacornis_fuliginosa,Phoenicurus_fuliginosus,
Phoenicurus_hodgsoni,Phoenicurus_hodgsoni,
Chaimarrornis_leucocephalus,Phoenicurus_leucocephalus,
Phoenicurus_moussieri,Phoenicurus_moussieri,
Phoenicurus_ochruros,Phoenicurus_ochruros,
Phoenicurus_phoenicurus,Phoenicurus_phoenicurus,
Phoenicurus_schisticeps,Phoenicurus_schisticeps,
Phrygilus_gayi,Phrygilus_gayi,
Phrygilus_patagonicus,Phrygilus_patagonicus,
Phyllergates_cuculatus,Phyllergates_cucullatus,
Phylloscopus_affinis,Phylloscopus_affinis,
Phylloscopus_armandii,Phylloscopus_armandii,
Phylloscopus_bonelli,Phylloscopus_bonelli,
Phylloscopus_borealis,Phylloscopus_borealis,
Phylloscopus_borealoides,Phylloscopus_borealoides,
Seicercus_burkii,Phylloscopus_burkii,
Phylloscopus_cantator,Phylloscopus_cantator,
Seicercus_castaniceps,Phylloscopus_castaniceps,
Phylloscopus_chloronotus,Phylloscopus_chloronotus,
Phylloscopus_claudiae,Phylloscopus_claudiae,
Phylloscopus_collybita,Phylloscopus_collybita,
Phylloscopus_coronatus,Phylloscopus_coronatus,
Phylloscopus_emeiensis,Phylloscopus_emeiensis,
Phylloscopus_examinandus,Phylloscopus_examinandus,
Phylloscopus_forresti,Phylloscopus_forresti,
Phylloscopus_fuligiventer,Phylloscopus_fuligiventer,
Phylloscopus_fuscatus,Phylloscopus_fuscatus,
Phylloscopus_goodsoni,Phylloscopus_goodsoni,
Phylloscopus_griseolus,Phylloscopus_griseolus,
Phylloscopus_humei,Phylloscopus_humei,
Phylloscopus_ibericus,Phylloscopus_ibericus,
Phylloscopus_ijimae,Phylloscopus_ijimae,
Phylloscopus_inornatus,Phylloscopus_inornatus,
Phylloscopus_davisoni,Phylloscopus_intensior,
Seicercus_affinis,Phylloscopus_intermedius,
Phylloscopus_kansuensis,Phylloscopus_kansuensis,
Phylloscopus_magnirostris,Phylloscopus_magnirostris,
Phylloscopus_neglectus,Phylloscopus_neglectus,
Phylloscopus_nitidus,Phylloscopus_nitidus,
Phylloscopus_occipitalis,Phylloscopus_occipitalis,
Phylloscopus_occisinensis,NA,BLI and HBW lump this into P. affinis
Phylloscopus_ogilviegranti,Phylloscopus_ogilviegranti,
Seicercus_omeiensis,Phylloscopus_omeiensis,
Phylloscopus_orientalis,Phylloscopus_orientalis,
Phylloscopus_plumbeitarsus,Phylloscopus_plumbeitarsus,
Seicercus_poliogenys,Phylloscopus_poliogenys,
Phylloscopus_proregulus,Phylloscopus_proregulus,
Phylloscopus_pulcher,Phylloscopus_pulcher,
Phylloscopus_reguloides,Phylloscopus_reguloides,
Phylloscopus_ricketti,Phylloscopus_ricketti,
Phylloscopus_schwarzi,Phylloscopus_schwarzi,
Phylloscopus_sibilatrix,Phylloscopus_sibilatrix,
Phylloscopus_sindianus,Phylloscopus_sindianus,
Seicercus_soror,Phylloscopus_soror,
Phylloscopus_subaffinis,Phylloscopus_subaffinis,
Phylloscopus_subviridis,Phylloscopus_subviridis,
Phylloscopus_tenellipes,Phylloscopus_tenellipes,
Seicercus_tephrocephalus,Phylloscopus_tephrocephalus,
Phylloscopus_trochiloides,Phylloscopus_trochiloides,
Phylloscopus_trochilus,Phylloscopus_trochilus,
Phylloscopus_tytleri,Phylloscopus_tytleri,
Seicercus_valentini,Phylloscopus_valentini,
Seicercus_whistleri,Phylloscopus_whistleri,
Phylloscopus_xanthodryas,Phylloscopus_xanthodryas,
Phylloscopus_xanthoschistos,Phylloscopus_xanthoschistos,
Phylloscopus_yunnanensis,Phylloscopus_yunnanensis,
Phytotoma_rara,Phytotoma_rara,
Phytotoma_rutila,Phytotoma_rutila,
Picoides_arcticus,Picoides_arcticus,
Picoides_dorsalis,NA,HBW and BLI lump Euro (P. tridactylus) and N.American (P. dorsalis)
Picoides_tridactylus,Picoides_tridactylus,
Pinarocorys_erythropygia,Pinarocorys_erythropygia,
Pinarocorys_nigricans,Pinarocorys_nigricans,
Pinicola_enucleator,Pinicola_enucleator,
Pionus_chalcopterus,Pionus_chalcopterus,
Pionus_seniloides,Pionus_seniloides,
Pionus_tumultuosus,Pionus_tumultuosus,
Pipilo_chlorurus,Pipilo_chlorurus,
Pipilo_erythrophthalmus,Pipilo_erythrophthalmus,
Pipilo_maculatus,Pipilo_maculatus,
Piranga_flava,Piranga_flava,
Piranga_hepatica,Piranga_hepatica,
Piranga_ludoviciana,Piranga_ludoviciana,
Piranga_olivacea,Piranga_olivacea,
Piranga_rubra,Piranga_rubra,
Pitta_angolensis,Pitta_angolensis,
Pitta_brachyura,Pitta_brachyura,
Pitta_moluccensis,Pitta_moluccensis,
Pitta_nympha,Pitta_nympha,
Pitta_sordida,Pitta_sordida,
Pitta_versicolor,Pitta_versicolor,
Platalea_ajaja,Platalea_ajaja,
Platalea_alba,Platalea_alba,
Platalea_flavipes,Platalea_flavipes,
Platalea_leucorodia,Platalea_leucorodia,
Platalea_minor,Platalea_minor,
Platalea_regia,Platalea_regia,
Plectrophenax_hyperboreus,Plectrophenax_hyperboreus,
Plectrophenax_nivalis,Plectrophenax_nivalis,
Plectropterus_gambensis,Plectropterus_gambensis,
Plegadis_chihi,Plegadis_chihi,
Plegadis_falcinellus,Plegadis_falcinellus,
Ploceus_badius,Ploceus_badius,
Ploceus_rubiginosus,Ploceus_rubiginosus,
Ploceus_vitellinus,Ploceus_vitellinus,
Ploceus_weynsi,Ploceus_weynsi,
Pluvialis_apricaria,Pluvialis_apricaria,
Pluvialis_dominica,Pluvialis_dominica,
Pluvialis_fulva,Pluvialis_fulva,
Pluvialis_squatarola,Pluvialis_squatarola,
Pluvianellus_socialis,Pluvianellus_socialis,
Pluvianus_aegyptius,Pluvianus_aegyptius,
Podiceps_auritus,Podiceps_auritus,
Podiceps_cristatus,Podiceps_cristatus,
Podiceps_gallardoi,Podiceps_gallardoi,
Podiceps_grisegena,Podiceps_grisegena,
Podiceps_major,Podiceps_major,
Podiceps_nigricollis,Podiceps_nigricollis,
Podiceps_occipitalis,Podiceps_occipitalis,
Podilymbus_podiceps,Podilymbus_podiceps,
Poecile_montanus,Poecile_montanus,
Poeoptera_kenricki,Poeoptera_kenricki,
Poicephalus_senegalus,Poicephalus_senegalus,
Poliocephalus_poliocephalus,Poliocephalus_poliocephalus,
Polioptila_caerulea,Polioptila_caerulea,
Polysticta_stelleri,Polysticta_stelleri,
Polystictus_pectoralis,Polystictus_pectoralis,
Polytelis_alexandrae,Polytelis_alexandrae,
Polytelis_anthopeplus,Polytelis_anthopeplus,
Polytelis_swainsonii,Polytelis_swainsonii,
Pooecetes_gramineus,Pooecetes_gramineus,
Poospiza_ornata,Poospiza_ornata,
Poospiza_torquata,Microspingus_torquatus,"Genus change, HBW and BLI use Microspingus"
Porphyrio_alleni,Porphyrio_alleni,
Porphyrio_flavirostris,Porphyrio_flavirostris,
Porphyrio_martinicus,Porphyrio_martinicus,
Porzana_carolina,Porzana_carolina,
Porzana_porzana,Porzana_porzana,
Carpodacus_nipalensis,Procarduelis_nipalensis,
Procellaria_aequinoctialis,Procellaria_aequinoctialis,
Procellaria_cinerea,Procellaria_cinerea,
Procellaria_conspicillata,Procellaria_conspicillata,
Procellaria_parkinsoni,Procellaria_parkinsoni,
Procellaria_westlandica,Procellaria_westlandica,
Procnias_tricarunculatus,Procnias_tricarunculatus,
Progne_chalybea,Progne_chalybea,
Progne_cryptoleuca,Progne_cryptoleuca,
Progne_dominicensis,Progne_dominicensis,
Progne_elegans,Progne_elegans,
Progne_sinaloae,Progne_sinaloae,
Progne_subis,Progne_subis,
Progne_tapera,Progne_tapera,
Protonotaria_citrea,Protonotaria_citrea,
Prunella_atrogularis,Prunella_atrogularis,
Prunella_collaris,Prunella_collaris,
Prunella_himalayana,Prunella_himalayana,
Prunella_immaculata,Prunella_immaculata,
Prunella_modularis,Prunella_modularis,
Prunella_montanella,Prunella_montanella,
Prunella_ocularis,Prunella_ocularis,
Prunella_rubida,Prunella_rubida,
Psalidoprocne_albiceps,Psalidoprocne_albiceps,
Psalidoprocne_obscura,Psalidoprocne_obscura,
Psalidoprocne_pristoptera,Psalidoprocne_pristoptera,
Pseudeos_fuscata,Pseudeos_fuscata,
Pseudhirundo_griseopyga,Pseudhirundo_griseopyga,
Pseudibis_papillosa,Pseudibis_papillosa,
Pseudobulweria_rostrata,Pseudobulweria_rostrata,
Pseudochelidon_eurystomina,Pseudochelidon_eurystomina,
Pseudocolopteryx_acutipennis,Pseudocolopteryx_acutipennis,
Pseudocolopteryx_citreola,Pseudocolopteryx_citreola,
Pseudocolopteryx_dinelliana,Pseudocolopteryx_dinelliana,
Pseudocolopteryx_flaviventris,Pseudocolopteryx_flaviventris,
Megascops_flammeolus,Psiloscops_flammeolus,
Aratinga_acuticaudata,Psittacara_acuticaudatus,
Psittacula_himalayana,Psittacula_himalayana,
Psittacula_longicauda,Psittacula_longicauda,
Psitteuteles_goldiei,Psitteuteles_goldiei,
Psitteuteles_versicolor,Psitteuteles_versicolor,
Psittinus_cyanurus,Psittinus_cyanurus,
Pterocles_alchata,Pterocles_alchata,
Pterocles_coronatus,Pterocles_coronatus,
Pterocles_exustus,Pterocles_exustus,
Pterocles_gutturalis,Pterocles_gutturalis,
Pterocles_namaqua,Pterocles_namaqua,
Pterocles_orientalis,Pterocles_orientalis,
Pterocles_quadricinctus,Pterocles_quadricinctus,
Pterocles_senegallus,Pterocles_senegallus,
Pterodroma_alba,Pterodroma_alba,
Pterodroma_arminjoniana,Pterodroma_arminjoniana,
Pterodroma_atrata,Pterodroma_atrata,
Pterodroma_axillaris,Pterodroma_axillaris,
Pterodroma_baraui,Pterodroma_baraui,
Pterodroma_brevipes,Pterodroma_brevipes,
Pterodroma_cahow,Pterodroma_cahow,
Pterodroma_cervicalis,Pterodroma_cervicalis,
Pterodroma_cookii,Pterodroma_cookii,
Pterodroma_defilippiana,Pterodroma_defilippiana,
Pterodroma_deserta,Pterodroma_deserta,
Pterodroma_externa,Pterodroma_externa,
Pterodroma_feae,Pterodroma_feae,
Pterodroma_hasitata,Pterodroma_hasitata,
Pterodroma_heraldica,Pterodroma_heraldica,
Pterodroma_hypoleuca,Pterodroma_hypoleuca,
Pterodroma_incerta,Pterodroma_incerta,
Pterodroma_inexpectata,Pterodroma_inexpectata,
Pterodroma_lessonii,Pterodroma_lessonii,
Pterodroma_leucoptera,Pterodroma_leucoptera,
Pterodroma_longirostris,Pterodroma_longirostris,
Pterodroma_macroptera,Pterodroma_macroptera,
Pterodroma_madeira,Pterodroma_madeira,
Pterodroma_magentae,Pterodroma_magentae,
Pterodroma_mollis,Pterodroma_mollis,
Pterodroma_neglecta,Pterodroma_neglecta,
Pterodroma_nigripennis,Pterodroma_nigripennis,
Pterodroma_occulta,NA,HBW and BLI lump this guy Vanautu Petrel into P. cervicalis
Pterodroma_phaeopygia,Pterodroma_phaeopygia,
Pterodroma_pycrofti,Pterodroma_pycrofti,
Pterodroma_sandwichensis,Pterodroma_sandwichensis,
Pterodroma_solandri,Pterodroma_solandri,
Pterodroma_ultima,Pterodroma_ultima,
Ptilinopus_ornatus,Ptilinopus_ornatus,
Ptilinopus_perlatus,Ptilinopus_perlatus,
Ptilinopus_perousii,Ptilinopus_perousii,
Ptilinopus_regina,Ptilinopus_regina,
Ptychoramphus_aleuticus,Ptychoramphus_aleuticus,
Ptyonoprogne_fuligula,Ptyonoprogne_fuligula,
Ptyonoprogne_rupestris,Ptyonoprogne_rupestris,
Puffinus_assimilis,Puffinus_assimilis,
Puffinus_auricularis,Puffinus_auricularis,
Puffinus_bailloni,Puffinus_bailloni,
Puffinus_baroli,NA,lumped into Puffinus iherminieri by HBW and BLI
Puffinus_gavia,Puffinus_gavia,
Puffinus_heinrothi,Puffinus_heinrothi,
Puffinus_huttoni,Puffinus_huttoni,
Puffinus_lherminieri,Puffinus_lherminieri,
Puffinus_mauretanicus,Puffinus_mauretanicus,
Puffinus_nativitatis,Puffinus_nativitatis,
Puffinus_newelli,Puffinus_newelli,
Puffinus_opisthomelas,Puffinus_opisthomelas,
Puffinus_persicus,Puffinus_persicus,
Puffinus_puffinus,Puffinus_puffinus,
Puffinus_subalaris,Puffinus_subalaris,
Puffinus_yelkouan,Puffinus_yelkouan,
Purnella_albifrons,Purnella_albifrons,
Pycnonotus_nigricans,Pycnonotus_nigricans,
Pycnonotus_sinensis,Pycnonotus_sinensis,
Notiochelidon_cyanoleuca,Pygochelidon_cyanoleuca,
Pygoscelis_adeliae,Pygoscelis_adeliae,
Pygoscelis_antarcticus,Pygoscelis_antarcticus,
Pygoscelis_papua,Pygoscelis_papua,
Pyrgilauda_blanfordi,Pyrgilauda_blanfordi,
Pyrgilauda_ruficollis,Pyrgilauda_ruficollis,
Pyrgilauda_theresae,Pyrgilauda_theresae,
Pyrocephalus_rubinus,Pyrocephalus_rubinus,
Pyrrhula_aurantiaca,Pyrrhula_aurantiaca,
Pyrrhula_pyrrhula,Pyrrhula_pyrrhula,
Quelea_cardinalis,Quelea_cardinalis,
Quelea_erythrops,Quelea_erythrops,
Quelea_quelea,Quelea_quelea,
Quiscalus_major,Quiscalus_major,
Quiscalus_mexicanus,Quiscalus_mexicanus,
Quiscalus_quiscula,Quiscalus_quiscula,
Rallina_eurizonoides,Rallina_eurizonoides,
Rallina_fasciata,Rallina_fasciata,
Rallus_antarcticus,Rallus_antarcticus,
Rallus_aquaticus,Rallus_aquaticus,
Rallus_elegans,Rallus_elegans,
Rallus_indicus,Rallus_indicus,
Rallus_limicola,Rallus_limicola,
Rallus_longirostris,Rallus_longirostris,
Ptilinopus_jambu,Ramphiculus_jambu,
Ramsayornis_modestus,Ramsayornis_modestus,
Recurvirostra_americana,Recurvirostra_americana,
Recurvirostra_avosetta,Recurvirostra_avosetta,
Recurvirostra_novaehollandiae,Recurvirostra_novaehollandiae,
Regulus_calendula,Regulus_calendula,
Regulus_ignicapilla,Regulus_ignicapilla,
Regulus_regulus,Regulus_regulus,
Regulus_satrapa,Regulus_satrapa,
Remiz_consobrinus,Remiz_consobrinus,
Remiz_coronatus,Remiz_coronatus,
Remiz_pendulinus,Remiz_pendulinus,
Rhinomyias_brunneatus,Cyornis_brunneatus,"Genus change, HBW and BLI use Cyornis"
Rhinoptilus_chalcopterus,Rhinoptilus_chalcopterus,
Rhipidura_albicollis,Rhipidura_albicollis,
Rhipidura_albiscapa,Rhipidura_albiscapa,
Rhipidura_rufifrons,Rhipidura_rufifrons,
Rhodopechys_sanguineus,Rhodopechys_sanguineus,
Rhodospiza_obsoleta,Rhodospiza_obsoleta,
Rhodostethia_rosea,Rhodostethia_rosea,
Phrygilus_fruticeti,Rhopospina_fruticeti,
Rhynchophanes_mccownii,Rhynchophanes_mccownii,
Rhynchopsitta_pachyrhyncha,Rhynchopsitta_pachyrhyncha,
Rhynchopsitta_terrisi,Rhynchopsitta_terrisi,
Riparia_chinensis,Riparia_chinensis,
Riparia_diluta,Riparia_diluta,
Riparia_paludicola,Riparia_paludicola,
Riparia_riparia,Riparia_riparia,
Rissa_brevirostris,Rissa_brevirostris,
Rissa_tridactyla,Rissa_tridactyla,
Rollandia_rolland,Rollandia_rolland,
Rostratula_australis,Rostratula_australis,
Rostratula_benghalensis,Rostratula_benghalensis,
Rostrhamus_sociabilis,Rostrhamus_sociabilis,
Rynchops_albicollis,Rynchops_albicollis,
Rynchops_flavirostris,Rynchops_flavirostris,
Rynchops_niger,Rynchops_niger,
Sagittarius_serpentarius,Sagittarius_serpentarius,
Salpinctes_obsoletus,Salpinctes_obsoletus,
Sarkidiornis_melanotos,Sarkidiornis_melanotos,
Saroglossa_spiloptera,Saroglossa_spilopterus,Eyres had a spelling mistake
Sarothrura_ayresi,Sarothrura_ayresi,
Sarothrura_boehmi,Sarothrura_boehmi,
Sarothrura_elegans,Sarothrura_elegans,
Satrapa_icterophrys,Satrapa_icterophrys,
Chroicocephalus_saundersi,Saundersilarus_saundersi,
Saxicola_caprata,Saxicola_caprata,
Saxicola_ferreus,Saxicola_ferreus,
Saxicola_insignis,Saxicola_insignis,
Saxicola_macrorhynchus,Saxicola_macrorhynchus,
Saxicola_maurus,NA,HBW and BLI treat S.maurus as S.t.maurus in S. torquata
Saxicola_rubetra,Saxicola_rubetra,
Saxicola_rubicola,NA,HBW and BLI treat S. rubicola as S.t.rubicola in S. torquata
Saxicola_stejnegeri,NA,HBW and BLI treat S. stejnegri as S.t.stejnegri in S. torquata
Saxicola_torquatus,Saxicola_torquatus,
Sayornis_nigricans,Sayornis_nigricans,
Sayornis_phoebe,Sayornis_phoebe,
Sayornis_saya,Sayornis_saya,
Scolopax_minor,Scolopax_minor,
Scolopax_rusticola,Scolopax_rusticola,
Scythrops_novaehollandiae,Scythrops_novaehollandiae,
Seiurus_aurocapilla,Seiurus_aurocapilla,
Stellula_calliope,Selasphorus_calliope,
Selasphorus_platycercus,Selasphorus_platycercus,
Selasphorus_rufus,Selasphorus_rufus,
Selasphorus_sasin,Selasphorus_sasin,
Sephanoides_sephanoides,Sephanoides_sephaniodes,
Serinus_canicollis,Serinus_canicollis,
Serinus_flavivertex,Serinus_flavivertex,
Serinus_pusillus,Serinus_pusillus,
Serinus_serinus,Serinus_serinus,
Serinus_syriacus,Serinus_syriacus,
Serpophaga_griseicapilla,Serpophaga_griseicapilla,
Serpophaga_munda,NA,now lumped into S. subcristata
Serpophaga_subcristata,Serpophaga_subcristata,
Setophaga_americana,Setophaga_americana,
Setophaga_auduboni,Setophaga_auduboni,
Setophaga_caerulescens,Setophaga_caerulescens,
Setophaga_castanea,Setophaga_castanea,
Setophaga_cerulea,Setophaga_cerulea,
Setophaga_chrysoparia,Setophaga_chrysoparia,
Setophaga_citrina,Setophaga_citrina,
Setophaga_coronata,Setophaga_coronata,
Setophaga_discolor,Setophaga_discolor,
Setophaga_dominica,Setophaga_dominica,
Setophaga_fusca,Setophaga_fusca,
Setophaga_graciae,Setophaga_graciae,
Setophaga_kirtlandii,Setophaga_kirtlandii,
Setophaga_magnolia,Setophaga_magnolia,
Setophaga_nigrescens,Setophaga_nigrescens,
Setophaga_occidentalis,Setophaga_occidentalis,
Setophaga_palmarum,Setophaga_palmarum,
Setophaga_pensylvanica,Setophaga_pensylvanica,
Setophaga_aestiva,Setophaga_petechia,both HBW and BLI have not split yellow warbler yet
Setophaga_pinus,Setophaga_pinus,
Setophaga_ruticilla,Setophaga_ruticilla,
Setophaga_striata,Setophaga_striata,
Setophaga_tigrina,Setophaga_tigrina,
Setophaga_townsendi,Setophaga_townsendi,
Setophaga_virens,Setophaga_virens,
Sialia_currucoides,Sialia_currucoides,
Sialia_mexicana,Sialia_mexicana,
Sialia_sialis,Sialia_sialis,
Anas_formosa,Sibirionetta_formosa,
Sicalis_auriventris,Sicalis_auriventris,
Sicalis_luteola,Sicalis_luteola,
Sicalis_olivascens,Sicalis_olivascens,
Sitta_canadensis,Sitta_canadensis,
Sitta_villosa,Sitta_villosa,
Somateria_fischeri,Somateria_fischeri,
Somateria_mollissima,Somateria_mollissima,
Somateria_spectabilis,Somateria_spectabilis,
Anas_clypeata,Spatula_clypeata,
Anas_cyanoptera,Spatula_cyanoptera,
Anas_discors,Spatula_discors,
Anas_platalea,Spatula_platalea,
Anas_querquedula,Spatula_querquedula,
Anas_versicolor,Spatula_versicolor,
Speculanas_specularis,Speculanas_specularis,
Speculipastor_bicolor,Speculipastor_bicolor,
Spheniscus_demersus,Spheniscus_demersus,
Spheniscus_humboldti,Spheniscus_humboldti,
Spheniscus_magellanicus,Spheniscus_magellanicus,
Sphyrapicus_nuchalis,Sphyrapicus_nuchalis,
Sphyrapicus_ruber,Sphyrapicus_ruber,
Sphyrapicus_thyroideus,Sphyrapicus_thyroideus,
Sphyrapicus_varius,Sphyrapicus_varius,
Spilopelia_chinensis,Spilopelia_chinensis,
Spilopelia_senegalensis,Spilopelia_senegalensis,
Spilornis_cheela,Spilornis_cheela,
Carduelis_crassirostris,Spinus_crassirostris,
Carduelis_cucullata,Spinus_cucullatus,
Carduelis_lawrencei,Spinus_lawrencei,
Carduelis_pinus,Spinus_pinus,
Carduelis_psaltria,Spinus_psaltria,
Carduelis_spinescens,Spinus_spinescens,
Carduelis_spinus,Spinus_spinus,
Serinus_thibetanus,Spinus_thibetanus,
Carduelis_tristis,Spinus_tristis,
Carduelis_uropygialis,Spinus_uropygialis,
Spiza_americana,Spiza_americana,
Spizella_atrogularis,Spizella_atrogularis,
Spizella_breweri,Spizella_breweri,
Spizella_pallida,Spizella_pallida,
Spizella_passerina,Spizella_passerina,
Spizella_pusilla,Spizella_pusilla,
Spizocorys_starki,Spizocorys_starki,
Spodiopsar_cineraceus,Spodiopsar_cineraceus,
Spodiopsar_sericeus,Spodiopsar_sericeus,
Sporophila_bouvronides,Sporophila_bouvronides,
Sporophila_caerulescens,Sporophila_caerulescens,
Sporophila_cinnamomea,Sporophila_cinnamomea,
Sporophila_falcirostris,Sporophila_falcirostris,
Sporophila_frontalis,Sporophila_frontalis,
Sporophila_hypochroma,Sporophila_hypochroma,
Sporophila_hypoxantha,Sporophila_hypoxantha,
Sporophila_lineola,Sporophila_lineola,
Sporophila_luctuosa,Sporophila_luctuosa,
Sporophila_melanogaster,Sporophila_melanogaster,
Sporophila_nigricollis,Sporophila_nigricollis,
Sporophila_nigrorufa,Sporophila_nigrorufa,
Sporophila_palustris,Sporophila_palustris,
Sporophila_pileata,Sporophila_pileata,
Sporophila_ruficollis,Sporophila_ruficollis,
Sporophila_schistacea,Sporophila_schistacea,
Phalaropus_tricolor,Steganopus_tricolor,
Stelgidopteryx_ruficollis,Stelgidopteryx_ruficollis,
Stelgidopteryx_serripennis,Stelgidopteryx_serripennis,
Stenostira_scita,Stenostira_scita,
Stercorarius_longicaudus,Stercorarius_longicaudus,
Stercorarius_parasiticus,Stercorarius_parasiticus,
Stercorarius_pomarinus,Stercorarius_pomarinus,
Sterna_dougallii,Sterna_dougallii,
Sterna_forsteri,Sterna_forsteri,
Sterna_hirundinacea,Sterna_hirundinacea,
Sterna_hirundo,Sterna_hirundo,
Sterna_paradisaea,Sterna_paradisaea,
Sterna_repressa,Sterna_repressa,
Sterna_striata,Sterna_striata,
Sterna_sumatrana,Sterna_sumatrana,
Sterna_trudeaui,Sterna_trudeaui,
Sterna_vittata,Sterna_vittata,
Sternula_albifrons,Sternula_albifrons,
Sternula_antillarum,Sternula_antillarum,
Sternula_balaenarum,Sternula_balaenarum,
Sternula_lorata,Sternula_lorata,
Sternula_nereis,Sternula_nereis,
Sternula_saundersi,Sternula_saundersi,
Stictonetta_naevosa,Stictonetta_naevosa,
Stigmatura_budytoides,Stigmatura_budytoides,
Stiltia_isabella,Stiltia_isabella,
Streptopelia_orientalis,Streptopelia_orientalis,
Streptopelia_risoria,Streptopelia_roseogrisea,
Streptopelia_tranquebarica,Streptopelia_tranquebarica,
Streptopelia_turtur,Streptopelia_turtur,
Streptoprocne_biscutata,Streptoprocne_biscutata,
Streptoprocne_rutila,Streptoprocne_rutila,
Streptoprocne_zonaris,Streptoprocne_zonaris,
Strix_nebulosa,Strix_nebulosa,
Sturnella_magna,Sturnella_magna,
Sturnella_neglecta,Sturnella_neglecta,
Sturnia_malabarica,Sturnia_malabarica,
Sturnia_pagodarum,Sturnia_pagodarum,
Sturnia_sinensis,Sturnia_sinensis,
Sturnus_vulgaris,Sturnus_vulgaris,
Sublegatus_modestus,Sublegatus_modestus,
Sugomel_nigrum,Sugomel_nigrum,
Sula_nebouxii,Sula_nebouxii,
Sula_sula,Sula_sula,
Surnia_ulula,Surnia_ulula,
Surniculus_dicruroides,Surniculus_dicruroides,
Surniculus_lugubris,Surniculus_lugubris,
Sylvia_atricapilla,Sylvia_atricapilla,
Sylvia_borin,Sylvia_borin,
Sylvia_cantillans,Sylvia_cantillans,
Sylvia_communis,Sylvia_communis,
Sylvia_conspicillata,Sylvia_conspicillata,
Sylvia_crassirostris,Sylvia_crassirostris,
Sylvia_althaea,NA,not split in BLI
Sylvia_curruca,Sylvia_curruca,
Sylvia_minula,NA,not split in BLI
Sylvia_deserti,Sylvia_deserti,
Sylvia_deserticola,Sylvia_deserticola,
Sylvia_hortensis,Sylvia_hortensis,
Sylvia_melanocephala,Sylvia_melanocephala,
Sylvia_melanothorax,Sylvia_melanothorax,
Sylvia_mystacea,Sylvia_mystacea,
Sylvia_nana,Sylvia_nana,
Sylvia_nisoria,Sylvia_nisoria,
Sylvia_ruppeli,Sylvia_ruppeli,
Sylvia_sarda,Sylvia_sarda,
Sylvia_moltonii,Sylvia_subalpina,
Sylvia_undata,Sylvia_undata,
Sylvietta_brachyura,Sylvietta_brachyura,
Symposiachrus_trivirgatus,Symposiachrus_trivirgatus,
Synthliboramphus_antiquus,Synthliboramphus_antiquus,
Synthliboramphus_craveri,Synthliboramphus_craveri,
Synthliboramphus_hypoleucus,Synthliboramphus_hypoleucus,
Synthliboramphus_scrippsi,Synthliboramphus_scrippsi,
Synthliboramphus_wumizusume,Synthliboramphus_wumizusume,
Sypheotides_indicus,Sypheotides_indicus,
Syrrhaptes_paradoxus,Syrrhaptes_paradoxus,
Tachuris_rubrigastra,Tachuris_rubrigastra,
Tachybaptus_novaehollandiae,Tachybaptus_novaehollandiae,
Tachybaptus_pelzelnii,Tachybaptus_pelzelnii,
Tachybaptus_ruficollis,Tachybaptus_ruficollis,
Tachycineta_albiventer,Tachycineta_albiventer,
Tachycineta_bicolor,Tachycineta_bicolor,
Tachycineta_cyaneoviridis,Tachycineta_cyaneoviridis,
Tachycineta_leucorrhoa,Tachycineta_leucorrhoa,
Tachycineta_leucopyga,Tachycineta_meyeni,
Tachycineta_thalassina,Tachycineta_thalassina,
Tachymarptis_melba,Tachymarptis_melba,
Tadorna_cana,Tadorna_cana,
Tadorna_ferruginea,Tadorna_ferruginea,
Tadorna_tadorna,Tadorna_tadorna,
Thraupis_ornata,Tangara_ornata,
Tangara_peruviana,Tangara_peruviana,
Tangara_preciosa,Tangara_preciosa,
Thraupis_sayaca,Tangara_sayaca,
Tanysiptera_sylvia,Tanysiptera_sylvia,
Tarsiger_chrysaeus,Tarsiger_chrysaeus,
Tarsiger_cyanurus,Tarsiger_cyanurus,
Tarsiger_hyperythrus,Tarsiger_hyperythrus,
Tarsiger_rufilatus,Tarsiger_rufilatus,
Terpsiphone_atrocaudata,Terpsiphone_atrocaudata,
Terpsiphone_paradisi,Terpsiphone_paradisi,
Terpsiphone_viridis,Terpsiphone_viridis,
Tersina_viridis,Tersina_viridis,
Tesia_cyaniventer,Tesia_cyaniventer,
Tetrax_tetrax,Tetrax_tetrax,
Thalassarche_bulleri,Thalassarche_bulleri,
Thalassarche_carteri,Thalassarche_carteri,
Thalassarche_cauta,Thalassarche_cauta,
Thalassarche_chlororhynchos,Thalassarche_chlororhynchos,
Thalassarche_chrysostoma,Thalassarche_chrysostoma,
Thalassarche_eremita,Thalassarche_eremita,
Thalassarche_impavida,Thalassarche_impavida,
Thalassarche_melanophris,Thalassarche_melanophris,
Thalassarche_salvini,Thalassarche_salvini,
Thalasseus_bengalensis,Thalasseus_bengalensis,
Thalasseus_bergii,Thalasseus_bergii,
Thalasseus_bernsteini,Thalasseus_bernsteini,
Thalasseus_elegans,Thalasseus_elegans,
Thalasseus_maximus,Thalasseus_maximus,
Thalasseus_sandvicensis,Thalasseus_sandvicensis,
Thalassoica_antarctica,Thalassoica_antarctica,
Thalurania_glaucopis,Thalurania_glaucopis,
Theristicus_melanopis,Theristicus_melanopis,
Thinocorus_orbignyianus,Thinocorus_orbignyianus,
Thinocorus_rumicivorus,Thinocorus_rumicivorus,
Thraupis_bonariensis,Pipraeidea_bonariensis,"Genus change, HBW and BLI use Pipraeidea"
Threskiornis_aethiopicus,Threskiornis_aethiopicus,
Threskiornis_melanocephalus,Threskiornis_melanocephalus,
Threskiornis_moluccus,Threskiornis_moluccus,
Threskiornis_spinicollis,Threskiornis_spinicollis,
Thryomanes_bewickii,Thryomanes_bewickii,
Tichodroma_muraria,Tichodroma_muraria,
Tmetothylacus_tenellus,Tmetothylacus_tenellus,
Todiramphus_macleayii,Todiramphus_macleayii,
Todiramphus_pyrrhopygius,Todiramphus_pyrrhopygius,
Todiramphus_sanctus,Todiramphus_sanctus,
Touit_costaricensis,Touit_costaricensis,
Touit_huetii,Touit_huetii,
Toxostoma_bendirei,Toxostoma_bendirei,
Toxostoma_rufum,Toxostoma_rufum,
Treron_sieboldii,Treron_sieboldii,
Tribonyx_ventralis,Tribonyx_ventralis,
Trichoglossus_chlorolepidotus,Trichoglossus_chlorolepidotus,
Trichoglossus_moluccanus,Trichoglossus_moluccanus,
Tringa_brevipes,Tringa_brevipes,
Tringa_erythropus,Tringa_erythropus,
Tringa_flavipes,Tringa_flavipes,
Tringa_glareola,Tringa_glareola,
Tringa_guttifer,Tringa_guttifer,
Tringa_incana,Tringa_incana,
Tringa_melanoleuca,Tringa_melanoleuca,
Tringa_nebularia,Tringa_nebularia,
Tringa_ochropus,Tringa_ochropus,
Tringa_semipalmata,Tringa_semipalmata,
Tringa_solitaria,Tringa_solitaria,
Tringa_stagnatilis,Tringa_stagnatilis,
Tringa_totanus,Tringa_totanus,
Troglodytes_aedon,Troglodytes_aedon,
Troglodytes_hiemalis,Troglodytes_hiemalis,
Troglodytes_pacificus,Troglodytes_pacificus,
Troglodytes_troglodytes,Troglodytes_troglodytes,
Trogon_elegans,Trogon_elegans,
Trogon_surrucura,Trogon_surrucura,
Turdus_albocinctus,Turdus_albocinctus,
Turdus_amaurochalinus,Turdus_amaurochalinus,
Turdus_atrogularis,Turdus_atrogularis,
Turdus_boulboul,Turdus_boulboul,
Turdus_cardis,Turdus_cardis,
Turdus_chrysolaus,Turdus_chrysolaus,
Turdus_dissimilis,Turdus_dissimilis,
Turdus_eunomus,Turdus_eunomus,
Turdus_feae,Turdus_feae,
Turdus_flavipes,Turdus_flavipes,
Turdus_hortulorum,Turdus_hortulorum,
Turdus_iliacus,Turdus_iliacus,
Turdus_kessleri,Turdus_kessleri,
Turdus_merula,Turdus_merula,
Turdus_migratorius,Turdus_migratorius,
Turdus_naumanni,Turdus_naumanni,
Turdus_nigriceps,Turdus_nigriceps,
Turdus_obscurus,Turdus_obscurus,
Turdus_pallidus,Turdus_pallidus,
Turdus_philomelos,Turdus_philomelos,
Turdus_pilaris,Turdus_pilaris,
Turdus_rubrocanus,Turdus_rubrocanus,
Turdus_ruficollis,Turdus_ruficollis,
Turdus_simillimus,Turdus_simillimus,
Turdus_subalaris,Turdus_subalaris,
Turdus_torquatus,Turdus_torquatus,
Turdus_unicolor,Turdus_unicolor,
Turdus_viscivorus,Turdus_viscivorus,
Turnix_maculosus,Turnix_maculosus,
Turnix_nanus,Turnix_nanus,
Turnix_sylvaticus,Turnix_sylvaticus,
Turnix_tanki,Turnix_tanki,
Turnix_velox,Turnix_velox,
Turtur_abyssinicus,Turtur_abyssinicus,
Turtur_afer,Turtur_afer,
Tyrannus_albogularis,Tyrannus_albogularis,
Tyrannus_couchii,Tyrannus_couchii,
Tyrannus_crassirostris,Tyrannus_crassirostris,
Tyrannus_dominicensis,Tyrannus_dominicensis,
Tyrannus_forficatus,Tyrannus_forficatus,
Tyrannus_melancholicus,Tyrannus_melancholicus,
Tyrannus_niveigularis,Tyrannus_niveigularis,
Tyrannus_savana,Tyrannus_savana,
Tyrannus_tyrannus,Tyrannus_tyrannus,
Tyrannus_verticalis,Tyrannus_verticalis,
Tyrannus_vociferans,Tyrannus_vociferans,
Upucerthia_dumetaria,Upucerthia_dumetaria,
Upucerthia_saturatior,Upucerthia_saturatior,
Upupa_epops,Upupa_epops,
Uria_aalge,Uria_aalge,
Uria_lomvia,Uria_lomvia,
Phalacrocorax_pelagicus,Urile_pelagicus,
Phalacrocorax_penicillatus,Urile_penicillatus,
Urodynamis_taitensis,Urodynamis_taitensis,
Urosphena_squameiceps,Urosphena_squameiceps,
Vanellus_albiceps,Vanellus_albiceps,
Vanellus_chilensis,Vanellus_chilensis,
Vanellus_cinereus,Vanellus_cinereus,
Vanellus_coronatus,Vanellus_coronatus,
Vanellus_gregarius,Vanellus_gregarius,
Vanellus_indicus,Vanellus_indicus,
Vanellus_leucurus,Vanellus_leucurus,
Vanellus_lugubris,Vanellus_lugubris,
Vanellus_malabaricus,Vanellus_malabaricus,
Vanellus_melanopterus,Vanellus_melanopterus,
Vanellus_miles,Vanellus_miles,
Vanellus_senegallus,Vanellus_senegallus,
Vanellus_spinosus,Vanellus_spinosus,
Vanellus_superciliosus,Vanellus_superciliosus,
Vanellus_vanellus,Vanellus_vanellus,
Vermivora_chrysoptera,Vermivora_chrysoptera,
Vermivora_cyanoptera,Vermivora_cyanoptera,
Vini_australis,Vini_australis,
Vireo_altiloquus,Vireo_altiloquus,
Vireo_atricapilla,Vireo_atricapilla,
Vireo_bellii,Vireo_bellii,
Vireo_cassinii,Vireo_cassinii,
Vireo_flavifrons,Vireo_flavifrons,
Vireo_flavoviridis,Vireo_flavoviridis,
Vireo_gilvus,Vireo_gilvus,
Vireo_griseus,Vireo_griseus,
Vireo_olivaceus,Vireo_olivaceus,
Vireo_philadelphicus,Vireo_philadelphicus,
Vireo_plumbeus,Vireo_plumbeus,
Vireo_solitarius,Vireo_solitarius,
Vireo_vicinior,Vireo_vicinior,
Xanthocephalus_xanthocephalus,Xanthocephalus_xanthocephalus,
Xema_sabini,Xema_sabini,
Xenus_cinereus,Xenus_cinereus,
Xolmis_coronatus,Xolmis_coronatus,
Xolmis_pyrope,Xolmis_pyrope,
Xolmis_rubetra,Xolmis_rubetra,
Calyptorhynchus_baudinii,Zanda_baudinii,
Calyptorhynchus_latirostris,Zanda_latirostris,
Amaurornis_akool,Zapornia_akool,
Porzana_fusca,Zapornia_fusca,
Porzana_parva,Zapornia_parva,
Porzana_paykullii,Zapornia_paykullii,
Porzana_pusilla,Zapornia_pusilla,
Zenaida_asiatica,Zenaida_asiatica,
Zenaida_auriculata,Zenaida_auriculata,
Zenaida_macroura,Zenaida_macroura,
Zonotrichia_albicollis,Zonotrichia_albicollis,
Zonotrichia_atricapilla,Zonotrichia_atricapilla,
Zonotrichia_capensis,Zonotrichia_capensis,
Zonotrichia_leucophrys,Zonotrichia_leucophrys,
Zonotrichia_querula,Zonotrichia_querula,
Zoothera_aurea,Zoothera_aurea,
Zoothera_dauma,Zoothera_dauma,
Zoothera_dixoni,Zoothera_dixoni,
Zoothera_mollissima,Zoothera_mollissima,
Zosterops_erythropleurus,Zosterops_erythropleurus,
Zosterops_japonicus,Zosterops_japonicus,
Zosterops_lateralis,Zosterops_lateralis,
